index,content
1,触目惊心:谁是苟晶第二次高考的冒名顶替者(转载)
2,回应社会关切 及时落实整改-柳州要闻-广西柳州市人民政府门户网站
3,朝鲜的军事行动与反制美日部署陆基中程高超音速弹道导弹的战略
4,省发展改革委赴安开展2020年地方政府专项债券项目执行情况调研督导工作-安顺市发展和改革委员会（安顺市粮食局）
5,行业资讯-铜仁市住房和城乡建设局
6,后浪来袭 广汽传祺 GS4 COUPE购车手册
7,省发展改革委经济贸易处到我市开展粮食安全保障调控和应急设施中央预算内投资项目调研-安顺市发展和改革委员会（安顺市粮食局）
8,安顺市召开贵州省安顺市烟草专卖零售许可证使用和管理规定听证会-安顺市发展和改革委员会（安顺市粮食局）
9,安顺市召开贵州省安顺市烟草专卖零售许可证使用和管理规定听证会-安顺市发展和改革委员会（安顺市粮食局）
10,浙江省嘉兴市2020-07-28 16:15发布雷电黄色预警
11,弥补自身短板 试驾新款别克英朗轻混版
12,美国冻结中资的可能性。。。(转载)
13,"男生做了化妆师之后,到底是怎样的人生,我算是全知道了。"
14,再不买就真没了 2020年即将停产的车型
15,为经济发展增韧性添活力-柳州要闻-广西柳州市人民政府门户网站
16,指数变身影响几何?
17,"产后脱发原因及治疗,贵阳看脱医院"
18,六盘水文明网
19,州自然资源局专题学习《民法典》
20,省发展改革委下达资金支持我市 “两新一重”等项目开展前期工作-安顺市发展和改革委员会（安顺市粮食局）
21,30万纯电动车 小鹏P7和model 3正面刚
22,政策文件-铜仁市住房和城乡建设局
23,大v线雕后几天消肿 线雕多久可以化妆 年轻可见接触
24,我市卫生医疗领域获中央预算内投资13300万元-安顺市发展和改革委员会（安顺市粮食局）
25,高层大变动:阿里巴巴告别马云时代进入张勇时代
26,我市卫生医疗领域获中央预算内投资13300万元-安顺市发展和改革委员会（安顺市粮食局）
27,"自学成功,做了天猫美工"
28,立行立改纠偏纠错 坚守“三调”数据真实底线
29,沁园春��忆安宁财政
30,病毒性皮肤病传染人吗?贵阳皮肤医院
31,关于向社会公开征求《遵义市科技局科研信工作实施细则（征求意见稿）》意见的通知
32,我市着力补齐教育基础设施短板-安顺市发展和改革委员会（安顺市粮食局）
33,党建引领地质灾害防治维护群众生命财产安全助力脱贫攻坚
34,《皖江情怀》(卷九十五  水乡泽国览江流  隋文帝旌为义乡)
35,柳州市芦笙协会举办少数民族流动人口技能创业培训
36,《皖江情怀》(卷九十六  香茗丛生蓓蕾芽  不敢越雷池一步)
37,永州追记之一
38,"【杭州】【河风雅苑】——售楼中心现房、期房任意选择,不论投资,入住"
39,大众威然和别克GL8 ES到底买哪个更好？
40,"大暑��月明船笛参差起,风定池莲自在香"
41,"闷热天气,应该吃些什么?"
42,无知的惩罚
43,遵义市2019年第一批拟立项（补助）科技计划项目公示
44,安顺市发展和改革委员会 安顺市民政局 安顺市财政局关于转发《省发展改革委 省民政厅 省财政厅关于印发（试行）的通知》的通知-安顺市发展和改革委员会（安顺市粮食局）
45,秦皇岛抚宁区抚宁镇田各庄书记张龙玩忽职守不作为
46,抗疫一线的巾帼先锋
47,李兰娟院士考察深圳纯中医院
48,新时代最可爱的人
49,安顺市发展和改革委员会安顺市财政局安顺市医疗保障局关于制定新冠病毒核酸检测收费标准的通知-安顺市发展和改革委员会（安顺市粮食局）
50,贵州省医疗卫生行业综合监管第七督察组 督察黔东南州工作进驻见面会新闻通稿
51,百万级SUV贵在哪 体验全新奥迪Q7
52,功力不一般 体验传祺GS4 COUPE
53,安顺市发展和改革委员会 安顺市民政局 安顺市财政局关于转发《省发展改革委 省民政厅 省财政厅关于印发（试行）的通知》的通知-安顺市发展和改革委员会（安顺市粮食局）
54,印度网红吐槽:月收入一下子少了好几千《四》
55,县自然资源局局长白维弟同志深入一线查看地质灾害隐患及灾后耕地损毁情况
56,孤身野岭30载打造千亩林海
57,周启柔:东至寻根记(转载)
58,"此花亭酵素浴:我年纪大,有三高,可以做酵素浴吗?"
59,日本严厉谴责韩国设置安倍雕像跪在韩国慰安妇前谢罪事件
60,"“生命重于泰山。疫情就是命令, 防控就是责任。”"
61,人事信息-铜仁市住房和城乡建设局
62,剑河县：狠抓公益性地灾巡察培训·严格落实“八个一批”促就业
63,安顺市发展和改革委员会关于转发《省发展改革委关于延长阶段性降低企业用电成本政策的通知》的通知-安顺市发展和改革委员会（安顺市粮食局）
64,北京协和医院焦永红专家坐班时间
65,《皖江情怀》(卷九十三  南李一门五进士  仙山十里两状元)
66,10万合资自主家用车 逸动PLUS对比朗逸
67,贾载明:成都文脉之源在文翁社区
68,轻钢发展势头空前! 抹黑轻钢的人被打脸(转载)
69,六盘水文明网
70,"世界十大名桥之一,程阳风雨桥(永济桥)"
71,CVT打滑/DCT顿挫？你的变速箱知识要更新
72,自治区人民政府参事调研组赴我市调研应急志愿者队伍建设情况
73,市水利局到融安县开展政协委员建议现场见面会 -水事活动广西柳州水利局网站
74,配三把锁的长城炮越野皮卡表现如何
75,关于《中国（安顺）石材城发展规划》编制比选结果公示-安顺市发展和改革委员会（安顺市粮食局）
76,【小说部落】给一只猫点烟
77,6万块300km续航 进阶的纯电微型车香吗？
78,《皖江情怀》(卷九十二 万涧明珠古戏楼  舒席南洋获头奖)
79,钜派投资积极参与纪念宋庆龄诞辰125周年主题系列活动
80,中国罗宾逊流浪孤儿漂流记
81,"秋风宝剑孤臣泪,请君莫作等闲看"
82,意大利造船商建造美国最新级别的海军战舰(转载)
83,人事信息-铜仁市住房和城乡建设局
84,长塘镇组织观看《决战脱贫在今朝》专题片-柳北区-广西柳州市人民政府门户网站
85,相约威宁
86,何洋局长深入剑河县督导地质灾害防治工作
87,【雒容镇】危桥改造：化“危”为“安”惠民生-柳东新区-广西柳州市人民政府门户网站
88,生娃
89,一代天骄大唐女皇欧阳婉儿(转载)
90,欧科云链OKLink:从《三十而已》探区块链全球布局
91,那些年的事儿——利益纷陈的世界多少真情谊(四)
92,"柏林墙倒了苏联倒了、东欧巨变了冷战结束了,可美国还没有伟大起来?"
93,中共中央政治局常务委员会召开会议 研究部署防汛救灾工作 习近平主持
94,"魂牵梦绕的人到了面前,我竟然犹豫了"
95,省地质灾害防治指挥部办公室暗访组莅临剑河县例行检查指导地质灾害防治工作
96,网友投诉:新晨国际教育集团收高额服务费 却什么都没干
97,建筑业-铜仁市住房和城乡建设局
98,疫情肆虐下的真实与理性
99,“灰色地带”网站创始人揭露美国“反华阴谋论”炮制套路
100,1991年的海湾战争为什么让当时的中国感到无比震惊?(转载)
101,建筑业-铜仁市住房和城乡建设局
102,"火药桶急剧升温!特朗普下令下次再挑衅直接击沉,态度很明确"
103,"昨天看了《凤凰大视野》关于乌克兰的,震惊了"
104,黔东南州自然资源局第30个全国土地日宣传活动
105,【纪委】城中区：把好“三关” 严防违规操办 “升学宴”“谢师宴”-城中区-广西柳州市人民政府门户网站
106,双面性格双面人生 试驾BMW8系敞篷轿跑车
107,安顺市发展和改革委员会 安顺市住房和城乡建设局 安顺市财政局 安顺市公安局 安顺市市场监督管理局关于印发《安顺市机动车停放服务收费管理实施细则》的通知-安顺市发展和改革委员会（安顺市粮食局）
108,从“日入几万、少年得志”到“倾家荡产”有多远?不过几年的邪淫而已!
109,《安顺市加快推动特色小镇和小城镇高质量发展工作方案》的解读-安顺市发展和改革委员会（安顺市粮食局）
110,美式“谎言手册”背后的甩锅戏码
111,美式“谎言手册”背后的甩锅戏码
112,王一鸣：数字经济将开启下一轮经济周期-安顺市发展和改革委员会（安顺市粮食局）
113,新冠肺炎遗体解剖揭开『新冠肺炎的秘密-廖晋堂医师(中文字幕)
114,【市执法局柳东分局】无牌“油狗”非法上路隐患大-柳东新区-广西柳州市人民政府门户网站
115,"在烈士陵园甩鞭子,这是对烈士的不尊敬啊!!"
116,六盘水文明网
117,"美国的疫情超出你我的想象,群体免疫是一条死路"
118,遇见4
119,曝新款胜达PHEV信息 纯电续航可达40km
120,"华为,孟晚舟,加油!(转载)"
121,【一线风采】鲁阳敏:在平凡岗位收获精彩人生
122,人才与创新
123,遵义市生产力促进中心2018年公开招聘拟聘用人员公示
124,任正非:华为研发交换机产品的知识源自于南邮(转载)
125,《范曾研究》:为何是涵育中华民族的书画繁荣之源
126,柳州市基础设施补短板“交通网”大会战建设组办公室关于印发柳州市基础实施方案（2020—2022年）的通知补短板“交通网”建设三年大会战设施-通知公告-广西柳州市人民政府门户网站
127,市生产力促进中心2018年公开招聘人员总成绩及体检名单公示
128,"突发的一些想法,先问问成功得可能性有多少"
129,微信刷票多少钱一条?微信投票什么价格_光速网络工作室
130,完善污水处理收费机制，推动长江经济带水污染防治和绿色发展-安顺市发展和改革委员会（安顺市粮食局）
131,省自然资源厅厅长周文同志到黔东南州调研
132,我上文的判断看来是正确的
133,房地产业-铜仁市住房和城乡建设局
134,与国产独立游戏制作组的第一次亲密接触(除了FIFA我们还能玩什么?
135,上海首批自带紫外线消毒和人脸测温功能公交车投入运营
136,千万不能买的几种房子
137,商标对企业的重要性
138,2020爱永恒 | 对话万宝宝：独立自信 做内心强大且充盈的女性
139,成为自己的避风港
140,高速铁路安全问题需“防”不能“护“
141,姜太公的后裔姓氏有多少——137
142,国家发展改革委印发《中西部和东北重点地区承接产业转移平台建设中央预算内投资专项管理暂行办法》-安顺市发展和改革委员会（安顺市粮食局）
143,关于遵义市防震减灾综合信息服务系统（一期）采购项目的成交公告
144,房地产业-铜仁市住房和城乡建设局
145,住房保障-铜仁市住房和城乡建设局
146,"在微信上碰到一个主动加我好友,疑似卖假茅台酒的,怎么逗逗她?"
147,高中自我规划有多重要?一个过来人以亲身经历告诉你
148,【慕容杂话铺】女神也拉屎
149,吴昕给浪姐节目组送养生礼包？她的妙招不止这些
150,"上海长江医院 对于孩子身高不满意,知道什么原因嘛,看看这些建议吧"
151,安顺市节水行动实施方案印发实施-安顺市发展和改革委员会（安顺市粮食局）
152,SARS和SARS2(新冠)源头大白天下:美国北卡州立大学毒王Bar
153,关于制定新冠病毒核酸检测收费标准的通知-安顺市发展和改革委员会（安顺市粮食局）
154,安顺市节水行动实施方案印发实施-安顺市发展和改革委员会（安顺市粮食局）
155,COVID-19 实时数据Top100---20200609
156,关于表彰2019年度柳州市服务业发展先进物业企业的通知-通知公告-广西柳州市人民政府门户网站
157,《“遵义市科技信息综合管理平台”建设第二期升级改造项目》成交候选人公示
158,2020大国博弈的发令枪(十)第九篇:理论的发现(6)基建没有尾声
159,坚决维护规划的严肃性和权威性
160,强证据表明羟氯喹预防新冠不比安慰剂更有效
161,"令人惊讶的是,5月美国失业率下降,就业机会增加(转载)"
162,《市直属学校生活物资应急保障工作方案》印发实施-安顺市发展和改革委员会（安顺市粮食局）
163,再致黄山风景区管委会、党工委的公开信
164,“全息大白瓶”助你白两度：HELIUS赫丽尔斯钻光皙颜微精华粹露评测
165,“这是战争罪”:成千上万以色列人集会反对吞并约旦河西岸的计划(转载)
166,《市直属学校生活物资应急保障工作方案》印发实施-安顺市发展和改革委员会（安顺市粮食局）
167,趣程咖啡——无条件支持华为 华为用户终身九折
168,《语文天地》收稿范围《语文天地》投稿要求(转载)
169,关于柳州市粤港平安气体有限公司就地改造工作通过市级总体验收的公示-通知公告-广西柳州市人民政府门户网站
170,遵义市首届科技创新先进集体和先进个人评选参评资格复审公示
171,寿山石标准商榷之一 ����
172,与你有关 皆是浪漫
173,未来永远值得期许
174,“全力防，配合救”，今年地质灾害防治要这么干！
175,【桂林日报】第八届全区基层群众文艺会演声乐类舞蹈类会演在我市举行
176,"后悔啊!如果没有偷看预测出来的高考成绩,也许我已经上了北大!"
177,没有全体打乱的高考排号就没有社会公信力
178,遵义市科技局与红花岗、播州、习水三区县人民医院科技合作试点项目拟立项公示
179,沈梦辰大腿现大块淤青
180,各自来寻自个门
181,扒一扒我的前半生所经历的女人们
182,刘诗诗背对镜头比耶
183,歌海杂志收稿范围歌海杂志收录的题目(转载)
184,市委副书记、市长陈少荣率队赴长三角地区开展招商考察-工作动态-铜仁市投资促进局
185,"“盖上天塘,云上夏都”重庆黔江三塘盖国际旅游康养度假区建设全面启动!"
186,孩子过于肥胖父母该做什么?
187,【桂林日报】在文学的世界里回望湘江战役
188,叙利亚和伊朗签署军事协议
189,遵义市2018年度科技计划项目拟立项公示
190,看过姐姐们的护肤秘籍 你的面膜可能白敷了
191,一匹老角马写给小角马的信
192,矿石金属风美甲 才是夏日酷女孩标配
193,"我的漂亮女同学,她让我写一写她的邪淫果报!"
194,开灯睡觉会变黑 阴天需要涂防晒的真相是？
195,陈少荣：高标准高质量高水平做好大数据与实体经济深度融合全国行贵州站会议暨铜仁市大数据平台经济及区块链产业推进大会筹备工作-工作动态-铜仁市投资促进局
196,叙利亚的收获带来了希望(视频)
197,北京有研集团副总经理袁学韬一行到大龙考察-工作动态-铜仁市投资促进局
198,53国/地区支持港版国安法、27国/地区表示异议。(转载)
199,遵义市科技信息综合管理平台第二期升级改造项目建设竞争性谈判公告
200,宝山【招商中环华府商铺】—给您最优惠的价格
201,让人瞬间老十岁的颈纹 今天姐姐们教你手把手干掉它
202,纽约地铁禁止“带狗”进车厢 群众出奇招应对
203,"豪越比远景X6大很多,为什么整备质量却差不多?(转载)"
204,"印度专家高调称:尽管阵风是4.5代飞机,但有足够能力对抗歼-20。"
205,怎样才能科学护理多动症儿童?
206,市委常委、常务副市长张明带队赴深圳开展智能终端产业专题招商座谈会-工作动态-铜仁市投资促进局
207,六盘水文明网
208,执业律师为你解答抚养权归属问题
209,铜仁市制定出台十条措施积极做好疫情期间产业大招商和营商环境优化提升工作-最新公告-铜仁市投资促进局
210,伤神 第二十一章 隧道 (上半部)
211,北京华尔医院刘玉福医生出诊时间
212,公职人员政务处分法68条全文公布-政策法规-铜仁市投资促进局
213,想去广西看山水无双 每个地方都是自然的馈赠
214,“狼”姐蓝盈莹张萌同台PK 苦凹脸竟赢过蛋白少女脸？
215,长沙棋牌游戏app开发公司
216,"长沙县交警执法不公,包庇酒驾"
217,六盘水文明网
218,六盘水文明网
219,我应该承担这笔费用么?
220,北京华尔医院焦永红医生出诊时间
221,长沙县交警包庇酒驾
222,优化营商环境条例-政策法规-铜仁市投资促进局
223,北京华尔医院刘玉福医生出诊时间
224,“我为鱼峰来画像”金点子征集活动截止时间延长至5月15日（已结束）-征集民意-广西柳州市人民政府门户网站
225,柳州市鱼峰区火葬区调整划定方案（征求意见稿）（已结束）-征集民意-广西柳州市人民政府门户网站
226,多年前和多年后的故事
227,股金通桐哥:精准逃顶的外资在加仓这些票(转载)
228,"美国新冠确诊超400万,但医疗系统依然没崩溃,真相细思极恐!"
229,律师是如何处理离婚纠纷的?
230,遵义市防震减灾中心招聘拟聘用人员公示
231,美国疾控中心:纽约流行毒株与中国毫无关系
232,铜仁市坚持“选、用、管、塑、爱” 打造驻深招商队伍-人事信息-铜仁市投资促进局
233,楼市pk股市
234,安顺市发展改革委组织召开安顺市“十四五”经济社会发展总体思路及发展战略研究座谈会-安顺市发展和改革委员会（安顺市粮食局）
235,自行车/电动车在夜间及雨天安全行驶的必备工具-反光衣及反光雨衣
236,市发展改革委组织讨论“十四五”经济社会发展总体思路及发展战略-安顺市发展和改革委员会（安顺市粮食局）
237,"到底是你尊重 “科学” ,还是不重视“人命”"
238,市发展改革委组织讨论“十四五”经济社会发展总体思路及发展战略-安顺市发展和改革委员会（安顺市粮食局）
239,"大家好,我是天津一家公司的小小销售,请问这里有同区域的老前辈吗?"
240,"节支降耗从我做起,让节约成为一种习惯"
241,不是意识形态
242,俄罗斯远东哈巴罗夫斯克反普京非法示威进入第三周
243,7.16日记
244,我的悔恨生涯--第一看守所
245,黔东南州自然资源局2020年部门预算及 “三公”经费预算信息
246,安顺市2019年国民经济和社会发展计划执行情况与2020年国民经济和社会发展计划草案的报告-安顺市发展和改革委员会（安顺市粮食局）
247,"美国不仅无耻,更爱做梦了!"
248,"佛山长寿之乡,首付2万月供2400,置业滨湖品质社区"
249,习近平：在企业家座谈会上的讲话-意识形态-铜仁市投资促进局
250,对得起人类、地球和宇宙!
251,国美又成立一家家居公司，家居版图再下一城
252,贵州省投资促进局梳理大数据产业政策-投资成本-铜仁市投资促进局
253,"画都容不下,克林顿、小布什肖像被双双移出白宫大厅(转载)"
254,不动产权证书作废公告（202007010001）
255,有人能接受离异的岳母带着她男朋友帮过来住一起吗?
256,谈谈独山县事件
257,"对不起,我给你写了一封情书"
258,戴口罩是个人自由
259,快讯! 美国一空军基地凌晨突发枪击案 2名军人死亡
260,超越风格的表象，创造空间哲学_新浪家居
261,牛股猜想6月6日周线股票池
262,【桂林晚报】我市加快推进“六个一流”重点项目，确保世界一流的国际旅游胜地基本建成
263,克林顿和小布什的肖像从白宫搬走(转载)
264,陈昌旭在全市落实全面从严治党主体责任 暨廉政教育集体谈话会议上强调-党建活动-铜仁市投资促进局
265,6月09日擒牛姐复盘
266,安顺市经济运行联席会第一次会议召开-安顺市发展和改革委员会（安顺市粮食局）
267,电视配沙发 海信电视联手美克美家为我们重新定义客厅生活
268,惊!南海美的一工地强迫施工不成反施暴!
269,2020年全市重大工程项目1至6月完成情况-安顺市发展和改革委员会（安顺市粮食局）
270,愿所有人都能擦亮双眼
271,特朗普开骂:她糟透了!
272,民法典治世:如何回应中国之问与时代之问?(转载)
273,风景线!明尼苏达州中餐业者直击大暴动:暴徒砸店洗劫 如世界末日
274,"被腾讯“逗鹅冤”笑死后,又被老干妈广告辣哭了(转载)"
275,铜仁市投资促进局召开2020年党风廉政建设工作会议-党风廉政-铜仁市投资促进局
276,科技文创综合性企业新贵--云海储存盛大开业
277,关于刘易涛、张凤梅房屋所有权证书遗失的公告
278,美国又一海军航空站发生枪击案 与恐怖主义有关(转载)
279,"美国街区千人聚会狂欢,爆发枪击案致2死5伤"
280,家居调查局：618哪些家居用品被网友疯狂预购
281,"原创长篇《灵苏》第一卷9-10章,每日连更。"
282,敦珠法王对烟毒的教言(转载)
283,六盘水文明网
284,多因素触发财险增长新动能 平安抢跑数据化经营新赛道
285,念山七时评之4033(转载)
286,合作共赢  拓展我国5G发展空间
287,“恐叫兽”
288,市发展改革委赴市烟草专卖局开展卷烟市场信用体系建设调研-安顺市发展和改革委员会（安顺市粮食局）
289,安顺市召开环境污染违法犯罪行为案件办理联席会议-安顺市发展和改革委员会（安顺市粮食局）
290,我的离婚经过
291,石阡县“八项措施”全面优化招商营商环境-热点信息-铜仁市投资促进局
292,大龙开发区：招商引资精准发力 积蓄经济发展动能-热点信息-铜仁市投资促进局
293,"初次人流的危害有多大,这几点要重视起来(转载)"
294,科幻与诗歌
295,陈昌旭到铜仁高新区贵州倍易通公司调研时强调：发挥龙头企业带动作用 推动铜仁高新区高端化绿色化集约化发展-重点企业-铜仁市投资促进局
296,洛阳新区人民医院骨二科成功完成一例高难度全髋关节翻修手术
297,"腾讯起诉老干妈长期拖欠广告费,申请查扣千万资产,结果剧情狗血"
298,安顺市“三强化”推进科技领域信用制度体系建设-安顺市发展和改革委员会（安顺市粮食局）
299,遵义市生产力促进中心2017年公开招聘拟聘用人员公示
300,居然之家汪林朋董事长情系家乡 助力湖北疫后经济重建
301,山东大学已经远离中华民族的传承
302,凯里市东湖豪庭项目规划设计方案征求意见的公示
303,李兰娟院士赞
304,面对头部品牌的强势攻击，地县级城市如何玩转定制家居？
305,2020年全国优强民营企业助推贵州发展大会在重庆召开招商推介会-热点信息-铜仁市投资促进局
306,“凯里国际商贸城”项目四期规划设计调整方案进行征求意见的公示
307,"腾讯VS老干妈 ,最可悲的是谁呢?"
308,遵义市生产力促进中心符合专业技术八级岗位任职条件人员公示
309,"深圳腾起诉贵州老干妈,冻结期资产。"
310,哦嚯~南山必胜客被骗了点卡。
311,朱元璋与马大脚
312,鸟与米粒
313,三大原因下周看反弹
314,哥就问问泼雷:你把桃花公众号运营的咋样了?
315,日本反对川普拉拢韩国入G7峰会 青瓦台斥“无耻”(转载)
316,安顺市发展改革委“四抓”加强登记管理服务推进政务诚信建设-安顺市发展和改革委员会（安顺市粮食局）
317,安顺市开展诚信宣传进校园活动-安顺市发展和改革委员会（安顺市粮食局）
318,个人对于军工接下来走势的判断!必看!
319,乐天被抵制导致韩国政治极右翼化
320,净利润最高同比下降320.66%以上？家居半年业绩解析
321,走进工业园区｜贵州大龙凭什么成为新型功能材料产业集群核心区-学习交流-铜仁市投资促进局
322,"《茶花女》:当最后一片花瓣凋零,你还爱着我嘛?"
323,全国结婚率出现“五连降”:这届年轻人想开了
324,保护动物保护环境
325,"不再想了,安静了"
326,遵义市市生产力促进中心2017年公开招聘人员总成绩及体检名单公示
327,安顺市城市信用监测排名稳步回升-安顺市发展和改革委员会（安顺市粮食局）
328,黔东南州自然资源局关于从江县下尧水库工程项目用地预审和规划选址的初审意见
329,彪马刺绣鞋
330,【小说部落】骑士的朱砂痣
331,MUJI推出“小装修”家具出租计划，最低月订阅费仅52元
332,基金定投是工薪家庭不可或缺的理财手段之一
333,凯里市征地区片综合地价调整听证会结果公示
334,12家家居公司上半年业绩快报，净利下滑或超70%
335,思南县芭蕉尧民坝区优质蔬菜、粮油及配套设施项目-现代山地高效农业-铜仁市投资促进局
336,以养老名义实施非法集资 警惕养老变“坑”老
337,"全国33省份五一旅游“成绩单”出炉啦,你做贡献了吗?(转载)"
338,疫情防控实践(转载)
339,顾家家居再出让股份1208万股，成交额6.56亿元
340,收盘了
341,【桂林日报】用陶瓷文创续写桂林万年陶历史
342,7月14日擒牛姐盘前观点
343,万山区中药饮片精深加工项目-现代山地高效农业-铜仁市投资促进局
344,飞利浦、 3M、亚都净水器被召回，净水行业问题依旧凸显
345,"胡锡进:中国人沉住气,有美国那帮精英哭的时候"
346,印江县“梵净天池”休闲度假区建设项目-文化旅游产业-铜仁市投资促进局
347,印江县紫薇温泉康养旅游项目-文化旅游产业-铜仁市投资促进局
348,ST罗普(002333.SZ)全资子公司转让云南子公司70%股权
349,"C网CITEX基金会交易所,钱包升级数月没恢复,提币通道无法提现(转载)"
350,“法治浙江”.玩忽职守 官官相扶. 枉法裁判
351,谈谈虚拟货币—雷达币
352,遵义市2017年市级创新平台后补助项目拟立项公示
353,闲谈余姐和伙伴们的故事
354,《审美与道德》_新浪家居
355,碧江区瓮坑水库旅游综合体项目-文化旅游产业-铜仁市投资促进局
356,印江县全寄托民办初级中学建设项目-其他-铜仁市投资促进局
357,"住建局长点名轻钢!新建材装进民心,轻钢乡村入画来(转载)"
358,五里亭司法所：让《民法典》鲜活起来！
359,"天猫重拳出击,严查退款单,天猫无货源店群模式还能做吗?"
360,安顺市城建档案馆严正声明
361,三位一体测试
362,寻农药队友
363,"《乘风破浪的姐姐》爆火,大文娱时代来临?"
364,零售、精装修双渠道逆增，洗碗机厂商竞速“健康赛道”
365,丁文段子体《丁文茶语》(101——130)
366,大数据应用场景“百花齐放”
367,"得了美国意识形态病,社会就必然纷乱………谈某地区防疫困境!"
368,医疗新基建加强建设 行业数字化发展拉开序幕
369,警惕招录“陷阱”！有关部门提醒考生和家长莫上当
370,安顺市住房和城乡建设局组织开展意识形态工作专题培训
371,"老股民怕涨、新股民无知无畏,连续暴涨后你的心绪不能乱"
372,安顺市住房和城乡建设局对“十件实事” 工作推进情况进行专项督查
373,云台山行记其一
374,「李小米的日记」“初见”“魑魅魍魉”先生(四)
375,铜仁市财政局召开市直单位财政电子票据和非税收入收缴电子化培训会-财政动态-铜仁市财政局
376,安顺市住房和城乡建设局开展城市建设安全生产专项整治督查
377,安顺市住房和城乡建设局开展城市建设安全生产专项整治督查
378,铜仁市财政局“四个到位”做好 “新市民·追梦桥”资金拨付-财政动态-铜仁市财政局
379,云台山行记其二
380,安顺市住房和城乡建设局对“十件实事” 工作推进情况进行专项督查
381,公安部公布打击“套路贷”犯罪6起典型案例
382,"小米有品上架首款智能血糖尿酸双功能测试仪,糖护士以科技引领健康新风尚"
383,"躺赢,接下来将要起爆的方向!"
384,「李小米的日记」“初见”“魑魅魍魉”先生(三)
385,铜仁市财政局紧急下拨救灾资金200万用于松桃石板村救灾-财政动态-铜仁市财政局
386,【原创】      现代诗  《就让我和她聊聊吧》  人中马-陈虚炎
387,安顺市住房和城乡建设局开展城市建设安全生产专项整治督查
388,上海都市医院 孩子无法集中注意力、上课爱捣蛋是多动症吗?
389,市住房城乡建设局对关岭县、紫云县农村垃圾收运设施建设运营和非正规垃圾堆放点排查整治情况开展督查
390,摄像头拍到的
391,安顺市住房和城乡建设局开展城市建设安全生产专项整治督查
392,"市场高位震荡,注意潜伏等待绝地反击"
393,市财政局召开市级国有资本收益预算管理工作会-财政动态-铜仁市财政局
394,加大对非法集资犯罪的惩处力度
395,脸上青春痘处理不干净会有哪些危害?沈阳肤康为你讲解
396,2020「酷+创造营」先锋设计师选拔-洪婧-御见银杏餐厅_新浪家居
397,"刘春华受邀参加泰安市“跨界营销,合作共赢”主题论坛"
398,沈阳青春痘能用手去挤吗?会导致哪些后果?
399,安顺市住房和城乡建设局组织开展城镇燃气安全检查
400,安顺市住房和城乡建设局组织开展城镇燃气安全检查
401,着名女星于小慧
402,安顺市住房和城乡建设局对“十件实事” 工作推进情况进行专项督查
403,安顺市住房和城乡建设局对“十件实事” 工作推进情况进行专项督查
404,柳州市司法局2020年国家统一法律职业资格考试有关事项公告
405,棠棣之华
406,"吱音发布2020新品「几何的胜利」更多""美而不同""的启迪"
407,大唐荣耀 番外  之 许你一生
408,"老家的长寿村之行,从东坑坞到三担田"
409,玩股票的三个境界:看K是钱——看K是K——看K是钱
410,市政府副秘书长齐维林赴市管建筑项目督查安全生产工作
411,市政府副秘书长齐维林赴市管建筑项目督查安全生产工作
412,遵义市生产力促进中心符合专业技术十二级岗位任职条件人员公示名单
413,一味药搞定顽固性荨麻疹等秘方集锦(转载)
414,统筹推进抗疫脱贫 坚决打赢两场战役-财政动态-铜仁市财政局
415,贵州省政府非税收入收缴管理实施办法-政策法规-铜仁市财政局
416,"他不是收藏最多的那个人,但这就是铁杆恒大球迷的“日常”"
417,聊斋之抱犊寨游记
418,河北省政协委员杜美芹:利用“公权”挟带“私货”抹黑“职业打假人”?
419,KiBiEx加密货币交易所数字货币交易平台另类发展途径
420,"“居民被贷款1200万元”,浦发银行:材料齐全"
421,谁在撑腰
422,全球“和平、客观、快速” 实现货币统一的历史铁证和机遇
423,昨日梦影第二部连载第十八章(后记)
424,"在历史中,四川盆地为何一直是兵家必争之地?其战略价值在哪?"
425,北京挖掘新消费潜力不断优化新消费供给
426,铜仁市财政局关于调整2020年度全国会计专业技术资格考试考务日程安排及有关事项的通知-通知公告-铜仁市财政局
427,黔东南州扶贫开发办公室关于黔东南州申报第九批省级扶贫龙头企业初审结果的公示
428,遵义市生产力促进中心2016年公开招聘人员总成绩及体检人员名单公示
429,关于贵州锦泰平川建筑工程有限公司安全生产许可证延期的公示
430,玩股票的三个境界:看K是钱——看K是K——看K是钱。
431,第一章 忻州、崞县侦勘记
432,2020年国家统一法律职业资格考试将于7月28日起报名
433,“绿地事件”引发回忆:一女性朋友对男人的真实想法
434,"美国抗议现场名场面:黑人女童哭问会否被枪杀,白人警察暖心安慰"
435,2020年安顺市建筑业资质公示（第202017期）
436,六盘水文明网
437,关于贵州幕鼎建设工程有限公司、贵州龙腾盛世建设工程有限公司安全生产许可证新取证的公示
438,关于贵州幕鼎建设工程有限公司、贵州龙腾盛世建设工程有限公司安全生产许可证新取证的公示
439,珠海唐家村学镜堂即事
440,新浪直播：第四届中国室内设计新势力榜
441,"转发歌舞未醉帖:蓬莱每望平安火,应奏班超定远功(转载)(转载)"
442,"美国安顾问称警方不存在系统性种族主义,遭多项研究打脸(转载)"
443,"鸡蛋面乐队第二支主打单曲《我多想》来袭,唱响爱的旋律"
444,教书育人者更应懂法知荣辱
445,2020年安顺市建筑业资质公示（第202017期）
446,不忘初心  勇担使命  做新时代的合格干部
447,贵州省人民政府关于正安等24个县（区）退出贫困县序列的公告
448,遵义市生产力促进中心办公设备询价采购公告
449,"美国国民警卫队现确诊病例,骚乱下疫情或将二次暴发(转载)"
450,"特朗普:感谢特朗普总统,林肯之后贡献最大!(转载)"
451,遵义市生产力促进中心2016年公开招聘人员面试方案
452,国务院发布公告向战“疫”英雄致敬
453,柳州市司法局/龙城普法网
454,"特朗普小女儿发纯黑色图片,声援“黑人之死”(转载)"
455,国际社会:中国防控举措得力经验值得学习(转载)
456,"住在湖边,遇见更多生活美好。"
457,学好用好《中华人民共和国民法典》
458,"腾讯欲收购搜狗背后:马化腾送礼包,张朝阳顺水推舟,王小川早有打算"
459,南海神龟神话给文昌带来什么机遇?
460,人民网评：疫情隔离期间外出撒欢，零容忍！
461,从抗“疫”中认识爱国教育的重要性
462,中国包装行业现状规模以上企业市场供给增速趋势分析(转载)
463,州扶贫办党支部、台江县扶贫办（生态移民局）党支部联合开展纪念建党99周年主题党日活动
464,工程勘察设计资质认定公示（202002期）
465,工程勘察设计资质认定公示（202002期）
466,"惊天秘密:国企贫富差距大,年金相差五十倍"
467,加尔文主义神学错误的四大类型
468,今年高考语文二卷选用他的作品!葛亮小说《匠传》即将出版(转载)
469,凯里市创建全国文明城市应知应会知识
470,精读版！习近平的民法典“讲义”
471,人民日报人民论坛：事实是最好的辟谣者
472,柳州市司法局/龙城普法网
473,不锈钢工作台的生锈问题怎样解决?
474,1984  我的越战往事
475,"九龙坡的兄弟伙,有没得买了凤凰台的,出来聊哈儿诶"
476,真实的小小故事
477,纽约时报:中国人打不过印度人 因为他们巡逻不走路(转载)
478,"梧桐山下,带着希望出发"
479,新一代杂志收稿方向新一代杂志征稿消息(转载)
480,产品设计设计过程中应做到了解哪些问题?(转载)
481,深圳宝安区招聘外贸专员
482,建筑业企业资质证书遗失作废公告
483,六盘水文明网
484,关注白日梦画本官方微信号：等你一起来做梦！
485,文章大家毛泽东
486,新华时评：勿以法治之名践踏法治
487,"交行重庆市分行:暖心服务常在线,热心助力“一分”爱"
488,罗强到榕江从江调研督战脱贫攻坚工作时强调 坚定信心 鼓足干劲 奋力冲刺 坚决打赢打好脱贫攻坚收官战
489,潘玮柏闪婚情史被挖 曾为赖薇如豪迈付账单
490,一计定南亚         解除后顾之忧
491,六盘水文明网
492,遵义市推荐全国专利系统先进集体和先进工作者参评对象的公示
493,乌鲁木齐征文
494,银保监会:截至一季末保险业为实体经济融资16.6万亿
495,图文小编《杨浦、成毅》为你发布!最着名的步行街
496,凯里党建扶贫新观察：“五强五力”模式按下脱贫致富“快进键”
497,人人都因该学点侦探知识和社会工程学
498,施秉县“五聚焦五强化”推动产业向高发展
499,重组引战与激进拿地 招商蛇口中年求变
500,演员招募 | 展示八桂大地新发展新变化 电影《广西之恋》欢迎您的加入(转载)
501,保护客户信息是银行的基本义务
502,关于贵州幕鼎建设工程有限公司、贵州龙腾盛世建设工程有限公司安全生产许可证新取证的公示
503,挂牌！铜仁市公安局森林警察支队正式入列！
504,西江月一组
505,关于贵州锦泰平川建筑工程有限公司安全生产许可证延期的公示
506,"阿三跟中国晚清时候很像,就会吹大牛,还什么IT业发达,笑话"
507,周杰伦祝福潘玮柏结婚 评论区发两个字惊呼
508,榕江县坚决落实坝区坝长制 深入推进坝区产业结构调整
509,"微信人工投票怎么收费,微信投票1000票多少钱 _光速网络工作室"
510,"印度在美国的制裁下,为什么还依赖俄罗斯武器?(转载)"
511,关于开展司法鉴定机构和鉴定人清理整顿工作通报
512,"微信投票10000票,微信刷票10元1000票,微信人工投票多少钱"
513,市委宣传部 市科技局 市科协关于开展遵义市2016年科技活动周活动的通知
514,西江月—狱中咏怀
515,立足森林资源优势，奋力发展林下经济产业 ----记黎平县好菇粮红托竹荪产业示范基地
516,黄爱民同志赴松桃县牛郎镇督导脱贫攻坚工作
517,安顺市住房和城乡建设局组织开展意识形态工作专题培训
518,潘玮柏吴昕CP粉后援会发文：所有的故事划下终止
519,金庸与叶洪生的“九阴”之辩在《道藏》中找到了正确答案
520,关于征求《柳州市人民政府立法基层联系点管理办法》及第一批柳州市人民政府立法基层联系点名单意见建议的公告
521,"微信投票十元500票,微信投票10元1000票,微信投票10000票"
522,贵州农信助力人大代表把苗绣 “致富 车间”开到移民搬迁社区
523,"闹市中的大慈寺,一起发现天府之国的美(转载)"
524,2015年度科普统计调查表
525,威尼斯电影节公布主竞赛片单 中国女导演作品入围
526,黄平农商银行助养蜂“女侠”成就甜蜜事业
527,丹寨县：强化商薯后续管护 确保农户稳定增收
528,追剧第一线！余文乐给王漫妮点《分手快乐》
529,中国的强点和弱点。。。
530,"天地可鉴,全程无抗养殖的广东生江原始蛋为健康中国而生"
531,中国农业银行宁波市分行律师库资格入围项目公开报名公告
532,安顺市住房和城乡建设局开展城市建设安全生产专项整治督查
533,锦帆路
534,生财说:创业有捷径吗?互联网创业的三大捷径
535,"微信投票公司怎么收费,微信投票有哪些平台_光速网络工作室"
536,黎平县：“五到位”助推社保扶贫结硕果
537,安顺市住房和城乡建设局开展城市建设安全生产专项整治督查
538,市住房城乡建设局举办消防设计审查和竣工验收工作培训会
539,孔方园游历记第10章
540,从江县“三举措”打好农村饮水安全保卫战
541,解析五大类高空升降机
542,榕江县“五个确保”抓牢脱贫攻坚兜底保障
543,"山东理工大学“曲行天下,艺行民间”实践团队暑期社会实践"
544,林志颖绿洲发长文谈家庭：亲情的爱没有终点
545,安顺市住房和城乡建设局对“十件实事” 工作推进情况进行专项督查
546,安顺市住房和城乡建设局对“十件实事” 工作推进情况进行专项督查
547,"今年合肥暴雨连连导致洪涝产生,有什么说法吗?"
548,"比特币冲上1万美元,直接推手是“巨鲸”灰度,还是特朗普?"
549,"印度拒绝使用北斗,研发国产导航系统,没想到真的成功了!"
550,安顺市住房和城乡建设局组织开展城镇燃气安全检查
551,"好省app是不是骗局,好省app是正规的吗其实真的可以做"
552,安顺市住房和城乡建设局组织开展城镇燃气安全检查
553,复商复市按下“加速键” 中国经济持续回暖
554,合肥百汇科技骗子公司!
555,许鞍华新片入围威尼斯 贾樟柯监制电影竞逐地平线
556,三穗县“党建四单制”推动易搬社区服务精准化
557,装修七大流程你都知道吗?(转载)
558,市园林局实地查看经开区干河小游园积水问题
559,"夏逾秋,情何求"
560,生态摄影决胜利器EOS-1D X3 摄影师肖戈试用经验谈
561,"同程艺龙一季度营收骤降四成,重度依赖腾讯存隐忧"
562,长安大学赴陕西商南社会实践队走进过风楼镇柳树湾村
563,领悟党的十九大精神
564,组图：王一博张艺兴约火锅 憨憨们用牙刷架喝水直呼杯子漏水
565,广场舞乐趣
566,黔东南州4.8万个劳务就业扶贫岗位保就业
567,黎平县做实搬迁进城农民培训强技能稳就业保脱贫成果
568,郑希怡回应追星成功刘雨昕 霸气姐姐展现害羞一面
569,夏天避暑去哪里?走!融美旅带你游“滇池”(转载)
570,欧美发达国家的人素质真的比中国高吗?(转载)
571,生态摄影决胜利器EOS-1D X3 摄影师肖戈试用经验谈
572,遵义市生产力促进中心关于做好2015年下半年技术合同认定工作的通知
573,"重新定义618,一次经济复苏的典型行动"
574,有一款自八百多年前款款向你走来的斑斓多彩瓷器叫做建盏
575,Filecoin能带来多大惊喜?先来看看它与BTC、ETH的同与不同
576,安顺市城市综合管理服务平台成功接入国网
577,一嗨租车为什么最受年轻人欢迎 看看这款车就知道了
578,关于《全面推行行政执法公示制度执法全过程记录制度重大执法决定法制审核制度的实施方案》政策明白卡
579,西方极右翼政党与极右翼恐怖组织正合二为一
580,灵魂不屈
581,一级响应
582,榕江县“五步走”全力做好扶贫资金管理使用工作
583,面向未来的旗舰单反—生态摄影师凌子川试用佳能EOS-1D X3
584,最美物业人
585,从江县狠抓就业扶贫发展劳务经济
586,实名举报吉林大学第一医院二部重症医学科孙明莉、李海峰为高额回扣滥用药物致病人死亡
587,"莘莘学子们,有我为你们保驾护航,请放心去飞"
588,市城市管理综合行政执法支队党支部开展 “扶危济困，奉献爱心”主题党日活动
589,北京协和医院戴红蕾专家坐班时间
590,34秒丨2020《直通山东高考》高校招生咨询会走进日照
591,最美物业人
592,六盘水文明网
593,遵义市生产力促进中心招聘人员面试方案
594,"草根主播通宵卖货涨粉一千,多数直播间观众不到5人《一》"
595,安顺市政务服务中心住建窗口：用心服务助企业复工复产
596,安顺市政务服务中心住建窗口：用心服务助企业复工复产
597,施秉县：大力发展脱贫攻坚产业
598,施秉县获4600万元临安区对口帮扶东西协作帮扶资金
599,"波浪理论分析,A股回调是大概率事件,比特币合约仍没有止跌企稳迹象"
600,"“特朗普都夸赞中国,我咋不能”:工党停职议员不服 www.chine(转载)"
601,关于设立我市技术合同认定登记分站的通知
602,举报郑州市中级人民法院执行法官叶本玉涉嫌受贿、违法犯罪(纪实)
603,郑州中院执行法官叶本玉涉嫌受贿、违法犯罪
604,岑巩县：“五精准”助推职业教育助力脱贫攻坚
605,三穗县：扎实控辍保学 打赢脱贫攻坚战
606,市住房城乡建设局迅速传达贯彻全市城镇建设工作会议精神
607,市住房城乡建设局迅速传达贯彻全市城镇建设工作会议精神
608,是谁亵渎了法律的尊严?法律的公平正义去哪里了?
609,联动发展 主动接受经济辐射(转载)
610,烟鬼乐队无视社交距离办演唱会 纽约卫生部将调查
611,大清秘史:准状元祝顺昌之谜
612,防范企业法律风险 助力柳州市PPP项目建设
613,安徽省界首市沙颍河文化系列(界首祝氏家族的故事)
614,2015年湄潭县茶叶优质米产业发展科技合作项目申报指南
615,股海导航 6月24日沪深股市公告提示(转载)
616,安顺市工程建设项目审批制度改革工作领导小组办公室对各县区工改工作开展调研督导
617,没有公正的司法
618,榕江县兴华乡“三开展”深入推进脱贫攻坚
619,从江县“三力”解决搬迁子女“读好书”
620,韩美通过修订后的2020年“韩美导弹指南”
621,《新说唱》选手于嘉萌回应diss周震南:是误会了
622,锦屏县铜鼓镇“三个一”扎实开展综治宣传月活动
623,嫡长继承制下的宁荣一脉
624,期盼中央依法治国在地方能够真正落到实处
625,江干·三穗协作联动 精准助推消费扶贫
626,郑州中院执行法官叶本玉涉嫌受贿、违法犯罪
627,两环两线 一村一品——天柱县白市镇先手布局产业带领群众增收致富
628,董立军局长带队调研房地产开发企业复工复产情况
629,"广州暨南大学穗华口腔:广州古风最浓的景点有哪些,你知道嘛?(转载)"
630,把人民生命财产当儿戏的不法官员
631,薇娅捐款200万以及相关物资助力合肥抗洪
632,好消息!绵阳可办理公积金“商转公”直转业务啦~(转载)
633,宗法制度下的宁荣一族
634,等不起 慢不得 坐不住—— 雷山县冲刺90天打赢歼灭战侧记
635,海南仍属于疫情低风险地区 夏季重点场所疫情防控指南请收好
636,观《战“疫”一线党旗红》有感
637,【柳城】柳州市社区矫正办到柳城开展社区矫正法实施情况督导调研
638,沈子琪浅淡艺术审美
639,专业微整形培训男士的微整形项目
640,2015年遵义县辣椒产业科技合作计划项目申报指南
641,2020年安顺市建筑业资质公示（第202017期）
642,中华抗疫赞
643,“权”与“法”的较量
644,“权”与“法”的较量
645,筑梦田野 一路芬芳 ——天柱县发展坝区产业助推脱贫攻坚纪实
646,广州市增城区出台发展振兴非物质文化遗产三年行动方案 推动文化综合实力
647,"抗击疫情,更加彰显中国制度的优越性"
648,积极开展学习新时代党的组织路线活动
649,【融水】灾难面前显本色 凝心聚力抗洪魔
650,三穗县“五个精准”抓实劳务就业输出
651,【县区】融安、柳城两县调处办开展跨县土地纠纷研判会
652,黎平县：百合，种在田里的新希望
653,中年苏宁负重前行
654,《重启》导演回应争议 评价朱一龙称赞其是细节控
655,【鱼峰】五里亭司法所：让《民法典》鲜活起来！
656,花间帖 完整版之菩萨蛮四十九首
657,关于四川歪嘴郎酒业有限公司坑蒙拐骗在职及离职员工事实说明
658,龙华根：殚精竭虑为脱贫
659,日本在战后是如何从一片废墟中恢复的?
660,柳州市水利局与城管执法局对市摩托艇协会违建项目开展联合执法
661,7月2日擒牛姐盘前观点
662,《哪吒》《陈情令》等入选2019十大影响力影视剧
663,脱贫攻坚到户政策汇编
664,打破传统信贷思维 招行着力降低企业融资成本
665,文化夜宴 惠游新城民乐园文化夜市开集(转载)
666,关于废止铜仁市促进民营医疗机构发展与管理办法（试行）的公告
667,"今天,关注这支,帅……"
668,6.9国际档案日
669,"大基金二期蓄势待发,哪些标的有望受益"
670,五大重磅影响本周大盘
671,海蝶又双叕告赢了虾米音乐：皆因盗播纠纷‑新浪法问-新浪网
672,这世上最难走的路叫生活
673,播州区白龙小区：易地扶贫搬迁不只是“移民” 更要“移心”
674,铜仁市2020年民生实事65岁以上老年人健康体检单位名单公布
675,最新:中印边境发生冲突互有伤亡!(转载)
676,享受陪伴她的时光(下)
677,安顺市文化馆2020年青少年暑期公益培训班开班
678,仁怀市“六步闭环工作法”让搬迁群众有娘家人
679,"不堪家暴跳楼仍离不了婚,问题出在哪里"
680,坚定信心强化调度 全力推动文化旅游发展指标回升
681,坚定信心强化调度 全力推动文化旅游发展指标回升
682,全市文化旅游安全生产和社会稳定风险隐患大摸底大排查大整治工作部署会议召开
683,贵州特色美食
684,跟进监督护航民营经济健康发展
685,福音之家疤痕修复中心官网
686,铜仁市文体广电旅游局
687,汇川区95个村（居）和5个易地扶贫搬迁安置点完成督导全覆盖
688,"周末又有重磅消息,今天机会比较多!"
689,奔向幸福新生活——新蒲新区松源社区安置点搬迁群众生活扫描
690,铜仁市文体广电旅游局
691,风丹的症状图片-贵阳皮肤病医院
692,铜仁市文体广电旅游局
693,务川县圆满完成易地扶贫搬迁挂牌督战教育项目建设任务
694,最美的风景就在你的身边
695,美国海军正制定无人系统部署战略 ― 国际防务快讯 ― 国防科技信息网 中国最权威的国防科技信息的专业门户 国际军事新闻 国内军事新闻 热点军事专题 中国独家的军事图片 军事视频
696,长三角三条铁路试行“铁路e卡通”
697,呼伦贝尔大草原户外经典八日游
698,洗澡洗出的弑君血案(转载)(转载)
699,区县图书馆被嫌弃？ 超8成图书无人借阅
700,四川一担保公司向1300余人暴力催收 21人涉恶犯罪集团受审
701,"“百人团战”震撼来袭,月嫂课程免费上!手快有手慢冇啊!(转载)"
702,绥阳县后河沟、青龙堡、关坎脚水库工程蓄水阶段征地移民安置通过县级验收
703,情深意笃的同学情 ——首次四川旅游的记忆花絮之十一完
704,周立宝法人
705,"伪造供电局验收证明,希望有关领导给予关注"
706,"巧控情绪,悠享童年"
707,情深意笃的同学情
708,州供销社在镇远县检查综合改革和社员股金工作
709,伤神 第十三章 张强的计策
710,进退维谷---试看印军选择!
711,中华人民共和国国家安全法
712,那跌跌撞撞的青葱岁月 结局
713,蓝色暴雨预警来了 四川3市州23县市发布黄色地灾预警
714,海南省教育厅解读“新高考”政策 有六大变化
715,成都：打造国家公共卫生安全标杆城市
716,电影院复工首个周末：成都影院已开放逾百家 全国票房有望迎小高峰
717,州供销社迅速召开专题会安排部署安全生产工作
718,老公发朋友圈了
719,关于旅游工作，过去五年政府工作报告这样说
720,"“情寄三行诗,以诗抗疫情”福大学子以抗疫说说接力传递力量与温暖"
721,2020年“五一”劳动节旅游接待工作情况报告
722,"因缘生法——两晋南北朝的高僧们(修改版,连载)"
723,心里有火 眼中有光 ——全国政协十三届三次会议第二场“委员通道”综述(转载)
724,城市更新   让儋州在华丽蝶变中熠熠生辉
725,安顺市“十三五”期间广播电视和网络视听人才队伍建设调研报告
726,铜仁市文体广电旅游局
727,(重磅)我国首次在疫情通报中公布无症状感染者报告、转归和管理情况(转载)
728,"为了国家的利益所在,即使身处战火,中国人都应不惧分毫!"
729,成德眉资“三区三带”怎么建？详细方案来了
730,女大学生被传曾出现在西藏昌都 当地警方：还未核查到
731,汤普森获美巡赛3M公开赛冠军 中国球员张新军并列第12-新华网体育
732,“美国新冠肺炎患者跳海致海盐污染”是谣言!(转载)
733,历史在这里拐了个弯
734,收评:A股二季度收官 创业板半年涨超35%
735,四川：不得使用各级财政资金邀请各类名人明星
736,省生态移民局召开防汛救灾部署会议
737,州供销社离退休支部与州乙炔氧气厂党支部开展上党课联谊活动
738,眉山一女子花8000元买假证 驾车上高速被查
739,中央气象台：长江中下游降水即将结束 四川等地迎来高温
740,“双城圈”怎么建？川渝两地互派干部挂职交流“取真经”
741,中共中央印发《中国共产党基层组织选举工作条例》
742,一个真实的故事
743,德国空军大战受挫
744,"客晓晓解决私域流量运营问题,成为中小企业电商获客的利器!"
745,轰炸伦敦
746,英国雷达网的重要作用
747,铜仁市文体广电旅游局
748,核载3人，这辆机动三轮车装了9个人
749,贵州省智慧景区自评表
750,【好看小说】制造导弹的女人
751,2020党建工作要点
752,心上莲花 :是什么经历让你相信了因果报应?(连载之四)-6
753,基层干部乘风破浪
754,大连市全面开展核酸检测 累计采样已达168万人-新华网
755,省冷投公司董事长严爱中等同志到黄平调研
756,四川小金县泥石流4人失联 消防救援最新视频画面
757,燃爆！成都公安举行实战演练 多警种展示看家本领
758,成都至大理首趟直达动车正式开行
759,贵州事业单位考啥
760,今日股权推荐丨浙江瑞安农商行
761,2020年职称工作相关附件表格
762,“地摊经济”发展呈积极态势
763,不戴头盔骑车出行？交警：发朋友圈“集赞代罚”
764,幼儿园校车逆行被网友拍下曝光 交警根据线索核查处罚
765,拿驾照后买新车练手 男子错把油门当刹车直接冲向绿化带
766,“一码游贵州”游客端预约操作手册
767,“一码游贵州”游客端预约操作手册
768,做好景观安全工作 为快乐加把锁
769,[cp]~向邵阳市大祥区政府讨公道
770,香港贸发局“夏季采购汇网上展”开锣-新华网
771,铜仁市文体广电旅游局
772,二级注册建造师遗失作废声明
773,男子公交车上扒窃被抓现行遭围殴 执勤交警将其控制后保护起来
774,欢迎在沪的济南人加入!
775,潘家园地区寻女性朋友
776,图解丨涉疫旅游投诉怎么办 旅游质监所来告诉你
777,铜仁市文体广电旅游局
778,为何报考(口腔、临床、中医)执业医师湖北最好考?
779,铜仁市文体广电旅游局
780,上海长江医院 怎样才能让孩子长高?
781,铜仁市文体广电旅游局
782,河南省许昌市人民政府应当对数百人致其公开信及时作出回应������������
783,文化和旅游部提醒中国游客暂勿前往新冠肺炎疫情严重的国家旅游
784,实名举报湖北武穴综合执法局违规违法、失职渎职、胡乱作为、违规处罚
785,"监督无小事,扶贫是大事"
786,贵州2020年直招士官网上报名开始啦
787,视频丨老人坠河溺水 路过护士二话不说紧急施救
788,"机划2男2女游呼伦贝尔,都是刚过50岁的中年人,985毕业,三缺一"
789,《皖江情怀》(卷九十三  南李一门五进士  仙山十里两状元)
790,《习近平关于总体国家安全观论述摘编》--理论--人民网
791,城市建设理论研究杂志征稿的信息投稿方式(转载)
792,白宫失火了
793,蒋哲浩:7.27黄金破位历史新高再创世纪高点、最新行情实时分析
794,朱曜奎精品艺术展将于8月28日在上海市长三角路演中心开幕
795,成都“口哨大爷”玩乐队、搞路演：想让更多人领略口哨魅力
796,遂宁市船山区人民法院两名干部被开除党籍和公职
797,萌萌哒！四川泸州：八百年宋代石刻化身“表情包”
798,遵义市住房和城乡建设局关于遵义建工（集团）有限公司等12家企业通过施工企业安全生产标准化达标的通知
799,我与ZR的一杯咖啡——ZR&JJ (三)
800,四川唯一！成都蒲江农村改厕范例入选全国9种典型模式
801,巴郎长诗。《沙场行》62。祷天祝地
802,受贿174万元 西昌原公安局长一审获刑五年
803,苹果iPhone手机Apple Pay京津冀互联互通卡/深圳通正式上(转载)
804,两岸婚姻家庭亲子夏令营在江苏举行-新华网
805,119
806,遂宁发布人事任免 罗红光任遂宁市政府服务热线中心主任
807,2020年去过九寨沟的介绍一下。
808,文化和旅游部办公厅关于推进旅游企业扩大复工复业有关事项的通知
809,婚后遇到真爱怎么办?
810,四川检察公布2020年上半年办案数据 批准和决定逮捕各类犯罪1万余人
811,市住建局党组书记局长冯光才调研我市房地产企业经营销售情况
812,视频锁定违法 四川自贡一司机以为没逮到不认账
813,人蔘鸡、松阪猪全入菜!台铁新推7款「元气便当」
814,短信群发短信验证码
815,月入1万7在长沙什么水平
816,越中十子:徐渭
817,史上最长的假期
818,麻江县供销社真帮实扶 多举措助力脱贫攻坚
819,山东济华燃气有限公司PE管件采购项目入围公告
820,市住建局积极开展学习活动动员部署巩文工作
821,达州发布暴雨蓝色预警 25日午后陆续降雨
822,遵义市住房和城乡建设局召开2020年工伤保险（预防）集中宣贯培训会
823,2020中超火热回归 四川球迷相约茶楼看球
824,台湾新增5例新冠肺炎确诊病例-新华网
825,阿坝州发布暴雨黄色预警
826,"中国驻美大使放出几句话,震动整个美国(转载)"
827,宜宾叙州区开展烟头兑换现金活动 每瓶（200ml）兑换1元现金
828,轻装简从游绍兴
829,赋春园诗词与随笔 凤髻峰边的难忘记忆  带毕业班学生下潮州城
830,上半年GDP、居民收入榜出炉 疫情之下有哪些变化？
831,“星沙好人”携手爱的摆渡人关爱困难家庭
832,杭州妻子“失踪”案家属对孩子监护发声 嫌疑人弟弟愿意抚养
833,凯里市供销社以党建带动村级供销社发展
834,"绍兴新昌县城南石溪有人知道,一个叫杨小兰的人么?"
835,“来归“一词确证:曹锡远系主动叛明投清
836,纳尼?线雕后为什么要用绷带?做了线雕多久可以化妆?不想素颜聚会(转载)
837,"山东司法助国企强占民营科技园,致主体诉权丧失,矛盾加剧"
838,镇宁自治县商务局开展行业安全生产大检查
839,"巴南区性价比最高的开发商,龙湖?保利?金科?还是协信(转载)"
840,铜仁市民族和宗教事务委员会官方网
841,中国文物保护基金会成立专项基金 助力江西金溪古村古建保护发展-新华网
842,镇宁自治县商务局开展行业安全生产大检查
843,安顺市人防办与遵义市人防办就人防信息化建设开展交流座谈
844,"打脸?特朗普宣称收到金正恩“美妙来信”,朝鲜:无稽之言"
845,图集｜夕阳西下晚霞满天 飞机在黄昏下飞行
846,《隋唐300年》第25篇:大隋伟业之重连丝路
847,商务部服贸司负责人就《关于推动服务外包加快转型升级的指导意见》的相关内容答记者问
848,成都IFS“童新引力”跨界艺术派对热力登陆
849,关于《省人民政府关于加大利用外资力度推动经济高质量发展的实施意见》的政策解读
850,"第一次发帖,就当是讲讲故事"
851,畅舒倍乐的功效与作用
852,"毕业季叠加高考季,八卦一下孩子进入大学后的教育问题"
853,省人防办督导检查遵义市本级、湄潭县、绥阳县人防系统腐败问题全面调查整顿工作
854,省人防办督导检查遵义市播州区人防系统腐败问题全面调查整顿工作
855,疍民
856,中国的围墙文化
857,苋菜
858,"手工拉票一票多少钱,专业微信投票团队刷票什么价格_光速网络工作室"
859,六盘水市扶贫产品走进省委机关
860,省督察组到六盘水市开展产业园区环保专项督查
861,7.26周日独骑电车往返80里于鹿泉西山森林公园爬山有感:
862,关于选派曾兵等同志到紫云自治县脱贫攻坚重点行业部门（单位）挂职的函
863,关于程静等同志任免职的通知
864,2020高考明日启幕 这份赶考指南请收好！
865,HeyBro米诺地尔搽剂治“脱发”临床表现突出
866,六盘水市商务局谢锡骞副局长带队考察商务领域重大项目
867,省贸促会刘寄萍副会长带队赴六盘水市调研会展服务创新工程工作
868,"味人间烟火,感政策欣荣"
869,温州这条西部交通“大动脉”年底主线贯通!预计明年5月通车(转载)
870,武汉城管开展静音护考行动 中高考期间产生噪声最高罚10万
871,生态环境部通报一批环评文件质量问题-新华网
872,南昌第八座跨江大桥来了!九龙湖过江大桥今年开建
873,"人到中年,经历生病换工作。重新上路开始好好生活,开帖记录日常生活,激励自己,温暖"
874,拟申请注销登记公告
875,"车主注意,最后一年,海口最高补贴25000元"
876,山西金家庄村“金色家园”党建品牌助推乡村振兴
877,想改运却喜欢算命看事、迷信神通观察?别做白日梦了!
878,"名企头条:2020中国最具影响力50位商界领袖,马云任正非等上榜"
879,"无限代购产品推荐,让你清清爽爽过夏天"
880,建党百年献礼剧《理想照耀中国》向全国征集线索
881,彩市新语：体彩打赢“翻身仗”后劲十足-新华网
882,山西鲍店镇“小尖椒” 成就脱贫致富“大产业”
883,"君威GS尊贵和君越豪华,怎么选?(转载)"
884,"樊思图婴肌能量套盒,亏本价清仓,80元一盒,8000盒"
885,碰碰运气
886,廊坊中院会让我在这个案件中感受到公平和正义吗?
887,"湖南省衡南县三塘镇家兴花苑非法倒卖土地致死农民,保护伞毁尸又羁押遗孀"
888,2020广东高考分数线发布 今年志愿填报有4点变化
889,吐槽下杭州失踪女的警方调查
890,"我同学离婚了,我恐婚了。"
891,顶呱刮新票“幸运时辰”“三叠字”江苏上市-新华网
892,广佛环城际张槎站基本建成 佛山市中心15分钟到广州南
893,找有孩子的结婚手尾多
894,探访中国西南地区首家人类精子库
895,铜仁市民族和宗教事务委员会官方网
896,王建忠的梦想与践行:让山西品牌走向世界
897,明确了!全部延期(转载)
898,荔湾花地河打造“桥梁博物馆”
899,六盘水市商务局组织参加全省“跨境贸易”指标优化营商环境专题培训会
900,广东8城空气质量列全国重点城市前20
901,省贸促会刘寄萍副会长带队赴六盘水市调研
902,关于对西秀区商务局报来安顺市京泰安紫匝道口二号加油站申请补办延期建设手续及变更加油站名称的批复
903,关于“合理设定流动摊贩经营场所工作创新城市管理模式助力商贸业发展工作”的指导意见
904,一个来自内蒙小城的一位普通护士的故事
905,吐槽《完美关系》中的“伪”心理咨询
906,高考防疫家长怎么做？国家卫健委发布10条关键提示
907,市场出现了三个好现象
908,房地产企业资质认定公示（FDC第2020029期）
909,热热热!四川电网用电负荷创新高 达到4155.5万千瓦
910,州社机关党支部赴红色教育基地开展“七·一”党性教育活动
911,写文章引用史实要慎谨
912,七绝 也说天问
913,农村数字电影放映设备采购项目中标结果公告公示
914,"(原创情感故事)那场“春花雪月”,没有爱情!"
915,今天的内容很值钱!
916,房地产企业资质认定公示（FDC第2020028期）
917,世界工业互联网之都建设教育攻坚 青岛三年内计划建设100个工业...
918,凄怆人生【原创小说】
919,农村数字电影放映设备采购项目招标公告
920,田七叶及其它
921,锦屏县供销社召开系统2020年上半年党风廉政建设警示教育大会
922,男子砸烂公交车驾驶室防护玻璃被刑拘
923,西江月.说袁绍
924,控告湖北省枣阳市平林镇和余嘴村设黑陷害
925,"80%的小银行,终将死于开放|视角"
926,槟郎老师之作品
927,"莫让犬泪 再湿人心   备注是导盲犬,搜救犬一类,不是某人得儿子(转载)"
928,"个人树洞:冷战后我不爱了,但想套路他"
929,初级会计考试调整为8月29日开始 中高级会计考试时间不变
930,"【海螺小餐包】小螺号,滴滴吹,妈妈叫你吃早餐咯~(转载)"
931,由爱生恨！一男子安装遥控装置引燃前女友汽车
932,征地维权打油诗
933,重庆8名落水小学生全部打捞出水 均无生命体征
934,"7月28日,长沙海底世界20周年庆为大山里的孩子们圆梦"
935,洞破千关第一人
936,房地产企业资质认定公示（FDC第2020023期）
937,省供销社上下贯通 联合合作 助力黔货出山
938,实践真干中选出好干部
939,"如果国际足联改变入籍规则,巴西球星愿意为中国效力"
940,男子PS杜撰“红绿灯弹射起步”交通违法信息被行拘
941,给大家分享一下4岁宝宝的AI启蒙产品真实体验!
942,关于第一批乡村旅游重点村名单的公示
943,闺女的小升初
944,医者与药用:清代徐大椿《医学源流论》
945,住建部：做好建筑垃圾减量 2025年每万平方米不超过300吨
946,华为1100多名财务都在做什么
947,为什么说新冠病毒是人类历史上最难对付的病毒之一？
948,"电影《小丑》火爆全球,冰冷世界,万恶体制,秋虫之命,惟有举枪——砰……砰……"
949,铜仁市文体广电旅游局
950,华商智业合作师资推荐(3)
951,房地产企业资质认定公示（FDC第2020022期）
952,凯里市供销社三举措促进本地农产品销售
953,2019年度安顺市新导游岗前培训通知
954,人体nmn怎么摄取?nmn吃多久见效?遵循标准最重要(转载)
955,"有了《明日之子》,才是乐队之夏"
956,电影院可预约式复工？院线：上下游衔接尚需时日
957,泣泪声声唤诚信  惟有正义赢民心
958,广西桂林市人民政府门户网站
959,重温《水浒》观潘金莲有感
960,"面膜行业深度报告:全民面膜时代正开启,国货品牌借力入局美妆市场"
961,爆料南阳仁爱医院打虚假广告忽悠人宰人没商量
962,党建引领聚合力 架起脱贫致富的钢铁桥梁
963,最近在用什么护肤品呢?一起进来交流吧
964,日本政府称布口罩便宜要再发8000万个 民众:大可不必(2)
965,海南万宁被拆小区业主留守废墟:正寻求项目合法化
966,"海南陵水“违建小区”国贸清水湾9栋高层被保留,业主:春天到了"
967,红星美凯龙宁乡商场断水断电损害商家权益谁之过?
968,"手撕三儿的方式千百种,她却选择了最坏的一招"
969,大暑天降雨，成都清晨清风送爽
970,"“过得了早,就过得了坎”(转载)"
971,新款巴黎时装周手袋大全VOL.1:LOUIS VUITTON、CHA
972,爆料南阳仁爱医院打虚假广告忽悠人宰人没商量
973,"天猫丑闻不断,商家为入驻却乐此不彼,竞是因为这个原因?"
974,在成都 遥望山间夏天的雪｜图集
975,昨日梦影第二部连载十六章
976,请看权力任性的结果
977,达安企业与快易名商签署战略投资协议
978,省供销社上下贯通 联合合作 助力黔货出山
979,南通从此不难通
980,客流回暖 实体书店销售开始复苏-新华网
981,朝霞悬月伴日升 已经预告成都气温回升
982,四川雅安高山草甸山花烂漫牛羊成群
983,探访2020年四川高考阅卷场
984,"昨天尾盘情绪明显转暖,今天会继续上涨吗?"
985,"我以为他是金龟婿,把他抢过来了,十几年后,才知报应不爽"
986,文化和旅游部科技教育司关于印发《恢复开展社会艺术水平考级现场考级活动疫情防控措施指南》的通知
987,铜仁市文体广电旅游局
988,大数据时代:学生综合素质评价如何“破冰”《二》
989,皓月誉金:6.2中美摩擦加剧黄金多空不延续原油延续震荡上涨
990,为何说权力任性大于法律是腐败的根源?
991,镇远县供销社赴杭州西湖区供销社开展产销合作对接工作
992,海南乐善志愿者儋州周末游
993,成都孩童暑期在“儿童跳蚤市场”“练摊”
994,"交易所入局矿池算力,一场三赢的局面"
995,老子我说之三
996,"“大深圳”来了!深莞惠汕河,建6279平方公里合作示范区!(转载)"
997,建筑业企业资质认定公示 （JZ第202029期）
998,端午假期3天全国累计接待国内游客4880.9万人次
999,端午假期3天全国累计接待国内游客4880.9万人次
1000,全国政协委员倪闽景:因疫情归国留学生可入学高职高专!!!
1001,一座城的心结
1002,航拍：向家坝水电站今年首次开闸泄洪
1003,国社@四川｜川西高原新生活群像
1004,"几个大消息,明天行情如何演绎?"
1005,遵义市2020年度第3期（总第56期)建筑施工企业“安管人员”安全生产知识新取考试成绩公示
1006,推开小康幸福之门
1007,美国负利率之争背后的考量:美联储这次能硬挺多久?(转载)
1008,2020年清明小长假旅游综述
1009,"混沌楼市里,最诚恳的30条购房建议"
1010,"江西一处知名景点,被无知游客钉了26颗钉子,法官:赔600万"
1011,凯里市供销社三举措促进本地农产品销售
1012,"高利贷,打抢恶势力,伊川公安为何一拖再拖不立案???"
1013,直属单位-铜仁市生态环境局
1014,图集丨四川多市州迎暴雨或大暴雨天气
1015,康定上演日晕奇观 网友刷爆朋友圈
1016,小说  冷暖自知 (8)
1017,人流之后吃什么好 怎么吃更容易恢复呢(转载)
1018,素荷赋:如约至 透沁香
1019,市商务党组书记、局长李猛带队到两城区督导 创建文明城市工作
1020,关于举报攸县联星街道万古桥社区书记贪污征地款事件
1021,遵义市2020年度第1期（总第54期)建筑施工企业“安管人员”安全生产知识延期补考考试 成绩公示
1022,直属单位-铜仁市生态环境局
1023,"霍启刚从政,从娶郭晶晶时就打算好了的。"
1024,广州南沙港铁路跨西江特大斜拉桥完成斜拉索吊装
1025,又是一个大晴天！在成都市区天空，与四姑娘山幺妹峰相遇
1026,罪念
1027,翡翠花第九章
1028,正忠在线:7月3日恒生指数期货 德指期货走势分析
1029,茅台集团和黔东南州政府合作建设原辅料基地 巩固脱贫攻坚成果
1030,省农产品促销专班到镇宁自治县调研火龙果产销工作
1031,长江武汉航道局23项措施推动数字航道全面应用(转载)
1032,直属单位-铜仁市生态环境局
1033,市领导到坝羊河开展巡河工作
1034,"17个省市投资85亿建立71家分公司,一边创业一边扶贫,这件事娃哈哈坚持了33年"
1035,小产后怎样调养恢复快(转载)
1036,遵义市2020年3月城镇保障性住房配租情况表
1037,遵义市2020年4月城镇保障性住房配租情况表
1038,"铝合金轮毂修复价格,看一下你被忽悠了吗?"
1039,浅谈钉钉子精神
1040,凯里市供销社以党建带动村级供销社发展
1041,权胜民带领环保督察第二组到安顺市产业园区、经开区开展环保专项督查工作
1042,图说成都服务业：市井味与时尚范和谐共存
1043,安顺市商务局召开全市商务系统安全生产和社会稳定风险隐患大排查大整治部署会
1044,"瑞幸咖啡22亿元造假,都牵扯到了谁?(转载)"
1045,首届山东(临沂)体育用品博览会
1046,6.30黄金震荡蓄力依旧看多、原油再测40.5阻力点
1047,最上等的德行是看不出有什么德行(转载)
1048,毛泽东及军委纵队经过通道和黔东南(1934年12月)
1049,镇远县供销社赴杭州西湖区供销社开展产销合作对接工作
1050,外交部:朝鲜半岛和谈陷入僵局症结在于朝方合理关切未获重视
1051,广元至平武高速公路建设进展顺利
1052,国社@四川｜银花丝编织蓉城记忆
1053,铜仁市民族和宗教事务委员会官方网
1054,霍尔果斯避税风波2周年:“逃离”最多的何止影视公司
1055,黔东南州供销社党支部与锦屏县供销社党支部联合开展开展纪念建党99周年“七个一”党日系列活动
1056,邢灵敏水墨荷花系列绘画作品之(九)
1057,【新华悦听】经典诗歌 双语朗读
1058,"吊蛆还把自己当上帝了,再差女的贬低打压笑死中伤再优点男的有问题么?没毛病!"
1059,【原创】  诗评   杭州西子湖诗社精选诗《江南的雪》点评  陈虚炎
1060,铜仁市民族和宗教事务委员会官方网
1061,安顺市商务局召开全市商务系统安全生产和社会稳定风险隐患大排查大整治部署会
1062,遵义市2020年1月城镇保障性住房配租情况表
1063,"女人40以前都是年轻,大龄和老也没错不差优秀优点,仇老邪教贬低女的为物品才是物品"
1064,大美黔东南凯里
1065,西游记里为何要提起他
1066,危机与机遇并存--全球疫情下外贸企业的风险防控 (转载)
1067,"我知道,你也想成为一个不平凡的人"
1068,铜仁市民族和宗教事务委员会官方网
1069,云采智能近视防控眼镜:论玩手机给孩子带来的严重后果!(转载)
1070,朝鲜:全球防疫典范国家。(转载)
1071,黄果树旅游区召开农特产品产销对接大会
1072,"马云被印度法院传唤,阿里称马云“很难找”?"
1073,商务部国家级电商进农村综合示范项目绩效评价复核工作组到镇宁自治县开展项目绩效复核工作
1074,你的月收入适合开什么车?请各位对号入座
1075,省人民政府关于加大利用外资力度推动经济高质量发展的实施意见
1076,人在做  天在看
1077,"韩信出神入化般的指挥,精髓全在“虚实”二字"
1078,铜仁市民族和宗教事务委员会官方网
1079,民法典亮点及解读(转载)
1080,语录之七
1081,成都时代奥特莱斯暑期狂欢来袭 汽车影院与你浪漫邂逅
1082,"深思高考冒名顶替事件,反思管理缺陷"
1083,省人防办督导组到我区指导督促 人防系统腐败问题全面调查整顿工作落实情况
1084,2020/07/21股票推荐:低吸一支军工概念股
1085,成都伊势丹积极复工 捐赠40余万助力抗疫
1086,曝光:河南驻马店驿城区龚海亮 利用套路贷虚增借贷金额恶意侵占他人财产!
1087,人民出版社：从未出版《平安经》一书 从未同意联合出版该书
1088,"最高检,关注一下望奎县一起黑恶腐败大案吧,我说的都是事实。都有铁证,"
1089,美瞳的基础知识呀~
1090,"买人工投票多少钱,微信投票在哪买票_光速网络工作室"
1091,世界遗产哈尼梯田试通高速公路-新华网
1092,"人工投票一票多少钱,微信投票一次买1000票多少钱_光速网络工作室"
1093,默默坚守敢担当 不畏困阻勇作为
1094,"男人凌晨给女同事打电话哭诉,被她老公全程听到!"
1095,六盘水市商务局组织我市重要农批市场助力脱贫攻坚
1096,关于借用王燎原等15名同志到贵州黄果树惠农集团有限责任公司帮助工作的通知
1097,山东夜间加油降臭氧见成效 7月臭氧浓度同比下降7.7%
1098,"内切眼袋凹陷能长平吗,切完眼袋有皱怎么办,小姐姐们看过来!(转载)"
1099,"都是肌肉男,开拓者你陪我快速脱单好不好?(转载)"
1100,2020高考成绩明起陆续放榜 高考网上咨询周今开启
1101,黔东南州供销社党支部与锦屏县供销社党支部联合开展开展纪念建党99周年“七个一”党日系列活动
1102,7月4日-7月10日六盘水市生活必需品价格以涨为主
1103,7月11日-7月17日六盘水市生活必需品价格以涨为主
1104,艺术类期刊有哪些?(转载)
1105,艺术类期刊有哪些?
1106,关于选派曾兵等同志到紫云自治县脱贫攻坚重点行业部门（单位）挂职的函
1107,"为什么深圳要向长沙学习,打压个人炒房?{转载}(转载)"
1108,"乘风破浪 创新不止,雪佛兰携轻混版车型带来更丰富选择(转载)"
1109,从杭州分尸案看什么叫“人为财死”
1110,贾雨村的正邪气秉说
1111,晋源区“三个突出”全力推进文明城市创建
1112,“橄榄绿”助力“志愿红” 携手创城迎“八一”
1113,时评：体彩一小步 竞技体育一大步-新华网
1114,"上海“暴发户”地区:GDP接近万亿,不是闵行也不是静安"
1115,“高效办成一件事” 上海进一步深化行政审批制度改革
1116,"《大学日记》(五十八)曲终不见人,尚有数峰青"
1117,哎哟吾槽!卖碟片的这是又没吃药跑出来了?
1118,吃上旅游饭 脱贫门路宽
1119,"义乌的神秘大数据,让我们看到了美国最真实的一幕!(转载)"
1120,贯彻落实全国两会精神
1121,体彩即开票“一蹴而就”肩负特殊任务-新华网
1122,84.2%受访高考生愿选新专业 专家提醒：别盲目追热门
1123,23 至 25 日三天湖南晴热高温持续 最高气温 36 至 38 ℃
1124,六盘水市商务局局长蒋宇现场指导六盘水农产品物流园项目建设工作
1125,请问青岛市李沧区世园街道原麦坡社区房屋补偿款何时能发放???
1126,乡村振兴周报(第3期)
1127,广州嗖虎出行骗子
1128,"禁59款中国APP后,印度将对另外275款中国APP进行审(转载)"
1129,省商务厅外贸处赴我市调研重点外贸企业复工复产情况
1130,2019全市外资外贸企业培训班成功举办
1131,抢抓促消费百日专项行动 凯里车展成交上亿
1132,拜登若当选必然拆分苹果高通
1133,关于对普定绿丰能源有限责任公司变更普定龙场加油站投资主体并新建的批复
1134,安顺市商务局关于印发《2020安顺市成品油市场乱象整治工作方案》的通知
1135,"今年海南高考设三类考场,普通考场考生可自主决定是否戴口罩(转载)"
1136,黔东南苗族侗族自治州2019年国民经济和社会发展统计公报
1137,"相遇离散皆是无常,谁是谁的荣幸"
1138,扎实做好“六稳”工作 全面落实“六保”任务
1139,铜仁市文体广电旅游局
1140,加强五个建设 夯实广播电视安全发展基础
1141,绍兴市级体育比赛首次“进”村
1142,银科控股:险资3万亿增量资金会进入A股吗?(转载)
1143,护航民营经济健康发展
1144,保障2020年中高考校园及周边文化市场秩序平稳有序
1145,美国恢复小精灵项目的无人机测试工作 ― 国际防务快讯 ― 国防科技信息网 中国最权威的国防科技信息的专业门户 国际军事新闻 国内军事新闻 热点军事专题 中国独家的军事图片 军事视频
1146,7月30日直播中国制造大讲堂:如何应对全球产业链重构
1147,"夏夜深静,感恩慈悲"
1148,"无惧跳水,A股最强主线出炉!"
1149,关晓彤：拍完《什刹海》我的北京口音又回去了-新华网
1150,铜仁市文体广电旅游局
1151,图解丨文化和旅游部：旅游企业扩大复工复业啦！
1152,"隆成义记忆学:到达A级,孩子就真正过目不忘了!"
1153,"公民拥有离婚权,追问不堪家暴跳楼是什么内在联系"
1154,科学的看待八字/0725
1155,张乃心：银行业整体不良率呈上升趋势 资产质量存压
1156,网络直播的“对”与“错”
1157,"《万历剑侠录》超长篇武侠玄幻小说,共16部,约500万字。"
1158,实地探访复业影院：忙碌，安全，兴奋的一天-新华网
1159,铜仁市文体广电旅游局
1160,铜仁市文体广电旅游局
1161,美国国防部人工智能中心将重心放在信息战上 ― 国际防务快讯 ― 国防科技信息网 中国最权威的国防科技信息的专业门户 国际军事新闻 国内军事新闻 热点军事专题 中国独家的军事图片 军事视频
1162,余庆县：“四抓四增”抓实易地扶贫搬迁后续工作
1163,澳门和珠海的后花园房价低洼价值地―――坦洲
1164,贵阳飞山街中医二附院挂号
1165,不用无题不知道用什么呀
1166,奔跑吧！姐姐！综艺进入发力期-新华网
1167,万宁公示海上综合旅游休闲区项目
1168,以案说法当前版连载(二) :遭隐瞒欺诈
1169,为什么法院枉法裁判如此猖狂.......
1170,交通搭台配套先行!滨海多个重磅项目全力推进!区域腾飞超乎想象(转载)
1171,四川2020下半年高等教育自学考试课程免试、更改考籍等将开始
1172,南京视觉艺术职业学院专本连读
1173,昨天四川有好热？全国高温榜前10名占一半！今天还会更热
1174,游崇州 感受夏日“花花世界”
1175,图说两会丨促进文化和旅游消费回升 全国两会代表委员这样说
1176,控制美国150年之久的猛兽——犹太人拥有的媒体
1177,北电怀柔校区一期工程明年启用-新华网
1178,扎南村:走在从贫困到小康的道路上
1179,"疫情本地传播基本阻断,个人防护不能放松"
1180,出境旅游组团社签证专办员卡使用管理规定
1181,成德眉资同城化提出三年交通建设方案 共建轨道上的都市圈
1182,速看!15所军队院校计划招收191名海南高中毕业生
1183,存在重大事故隐患！四川这两家化工企业暂时停产停业
1184,图解:重点推进文旅休闲消费提质升级“硬核”举措有这些
1185,别丢了烘篮
1186,遂溪教育局长被举报招投标存在“以权谋私”  校服采购谁说了算?(转载)
1187,遂溪教育局长被举报招投标存在“以权谋私”  校服采购谁说了算?
1188,"俄罗斯卫生部建议禁止在学校使用Wi-Fi和手机,因为存在辐射健康风险"
1189,州供销社迅速召开专题会安排部署安全生产工作
1190,怎么回事？孙子养了三年多 发现无血缘关系 ！
1191,宜宾发布一批干部任前公示 多人拟任副县级领导职务
1192,军队院校招收普通高中毕业生政治考核工作启动 三亚设4个报名点(转载)
1193,成都双凤桥站TOD年内亮相 配套公园已基本完工
1194,如何界定印度人的智商 还真有点难度哎!
1195,"长篇乡土小说《苦夏》连载之十六,之十七"
1196,长篇乡土小说《苦夏》连载之十七   之十八
1197,2020年清明小长假旅游综述
1198,"中科院研究生被杀案凶手死刑 ,接风宴为何变成一场杀戮?《一》"
1199,CBA综合消息：新疆大胜收官 山西惊险克敌-新华网体育
1200,"日本上门女婿会一直跟岳父姓,发达后也不会改姓!"
1201,1400余处！ 我市加强地质灾害点隐患排查……
1202,打击黑恶势力犯罪 四川今年已宣判175个犯罪集团1439人获刑
1203,节约用水 共建文明家园
1204,省供销社到从江县归奶村调研督战脱贫攻坚工作
1205,温柔的梦    第一章  穿越时空
1206,最高资助30万元！成都市征集这些城乡社区项目
1207,李兰娟院士此次第一功臣
1208,甘洛县山体垮塌2人被埋压 救出时已无生命体征
1209,白衣执甲亦是履职尽责——记奋战在战疫一线的代表委员(转载)
1210,"闹心,这地方又开始疯狂抢盐了"
1211,内江市通报五起党员干部、公职人员酒驾醉驾问题典型案例
1212,中医药监督执法有了“工具册”-新华网
1213,上半年 成都严肃查处违反中央八项规定精神问题292人
1214,"生宝宝闺蜜没有给红包,是我太计较了吗"
1215,州供销社开展新时代文明实践自愿服务活动
1216,九天梦月都市言情中篇:你的出现是我听到的最好消息
1217,铜仁市文体广电旅游局
1218,"盘面避险情绪浓厚,今天有什么机会?"
1219,视频丨直击四川冕宁暴雨 消防队员手挽手救出被困村民
1220,时间管理
1221,"“五眼联盟”是怎样的一个组织?知道真相后,全世界都沉默了!(转载)"
1222,人民日报刊文点赞茅台——茅台集团:用匠心酿造美好 用卓越铸就品牌
1223,"美国重型核轰分批撤离,迪戈加西亚恢复平静,伊朗可以长舒一口气"
1224,铜仁市文体广电旅游局
1225,内蒙古残疾人意外伤害险实现全覆盖-新华网
1226,让党旗高高飘扬—走进佛山市律师行业党委
1227,"向阳而升!阳光城川渝品质赋新大SHOW璀璨落幕,RISE UP!"
1228,贵州省扶贫开发条例
1229,镇远县供销社赴杭州西湖区供销社开展产销合作对接工作
1230,我和我的父亲
1231,铜仁市文体广电旅游局
1232,"江西上饶案例:政府作出的限期拆除决定不合法,被判撤销!"
1233,“五星出东方利中国”背后神秘的尼雅精绝国(转载)
1234,人民日报:茅台集团总资产突破2304亿元
1235,安徽：16个专家组赴抗洪一线-新华网
1236,四川长宁地震一周年 游客慕名而来狂吃9碗凉糕：可以得很
1237,四川平昌：洪水冲垮施工便桥
1238,"陆客不来了,暴露台湾人的素质"
1239,政府工作报告（文字实录）
1240,提醒中国公民留意外方有关肺炎疫情防控的入境管制措施
1241,扶贫搬迁不足三成却谎报100% 贵州岑巩原副县长被免职
1242,"老师涉嫌体罚6岁哮喘学生致其吐血,官方:已介入调查。(转载)"
1243,铜仁市文体广电旅游局
1244,研究报告称香港物流业发展亟待支援-新华网
1245,黔东南治癫痫病医院哪家超好
1246,求助
1247,男子冒名顶替参加事业单位考试被拘留
1248,成渝环线高速上一男子给车牌戴口罩 12分没了！
1249,铜仁市文体广电旅游局
1250,也说老农
1251,"美国百城暴动,特朗普大兵压境,内战一触即发,希望命悬一人"
1252,特朗普声称要部署军队
1253,四川茂县突发山洪泥石流 消防紧急运送饮水60余吨给当地群众
1254,珍珠港的前夜(日本对英美开战的历程)
1255,广安消防部门在抗洪一线归队途中遇群众被困洪水 成功营救
1256,男子趁妻子熟睡时将其杀害 事后报警称“妻子失踪”
1257,旅游安全实务指导之旅行意外险攻略篇
1258,《皖江情怀》(卷二十八  霍岳迢峣秋荡空  蜿蜒会见蟠苍龙)
1259,曝光:衢州江山市郎峰村委会何苦逼迫八旬老人凑款1.5万?
1260,成渝两地携手发展必将未来可期
1261,拉萨-兰州-九寨航线开通 九黄机场通航城市达7个(附时刻表)
1262,北京协和医院朱晓青专家坐班时间
1263,遵义市住房和城乡建设局关于贵州盛翔建筑工程有限公司等17家企业通过施工企业安全生产标准化达标的通知
1264,省供销社上下贯通 联合合作 助力黔货出山
1265,注意！毕棚沟旅游景区25日起暂停接待游客
1266,阿坝州气象台：10县发生地灾风险等级较高
1267,澳门今年第二季度总体失业率上升至2.5%-新华网
1268,初心如磐担使命 ——2019年凉山州党风廉政建设和反腐败工作回眸
1269,文化和旅游部办公厅关于推进旅游企业扩大复工复业有关事项的通知
1270,端午节|一文了解这个中国传统节日与佛教的渊源
1271,曝光:湖南省衡阳市衡南县三塘镇某单位严刑逼供致残的报道!
1272,总社召开全国供销合作社深化综合改革暨推进培育壮大工程电视电话会议
1273,"从职场到商场,风雨十七载"
1274,市住建局组织召开全市建筑工程和城市建设安全专项整治三年行动部署会议
1275,明显回升！内江今年上半年GDP650.58亿元 同比增长0.6%
1276,今年上半年凉山实现GDP总量829.42亿元 投资回暖
1277,中梁控股屡遭投诉维权 刚刚上市的中梁控股怎么了维权事件频发(转载)
1278,市住建局召开中心城区建筑工地深化全国文明城市建设工作专题会暨汛期质量安全、打赢蓝天保卫战工作推进会
1279,"大老板沉迷于夜店,包养小三,后来发现自己的孩子都不是亲生的"
1280,遵义市住建系统半年工作会议召开
1281,"@长沙装修业主,重磅福利!你有一笔12000元装修消费补贴待领取"
1282,出租屋内两个偷拍摄像头存有女孩洗澡画面 警方传唤房东
1283,两部门发文：重点解决违法查封、扣押民营企业财产等问题
1284,市住建局到播州区开展禁毒警示教育活动
1285,"年入十几万,在达州西外青华园斜对面有商品房也可享受开地扶贫搬迁"
1286,国台办发言人就民进党当局呼应蓬佩奥对华讲话进行批驳-新华网
1287,"该企业拉动30家供应商提前复工,订单已经排到7月份|早安武汉"
1288,洪江高新技术产业开发区!
1289,邢灵敏水墨荷花系列绘画作品之(八)
1290,市人防办主任杨晓强到市广电网络公司协商落区应急广播建设
1291,黔东南凯里癫痫病医院哪里好
1292,黄果树旅游区加强农贸市场、超市防疫督查指导工作
1293,国社@四川｜“松绑”的地摊经济催生十万个就业岗位
1294,青白江丰收季�蛎帜舱蚴ㄗ哟� 风吹麦浪收割忙
1295,凉爽五月夜 成都猛追湾街区的休闲生活
1296,"我生了女孩坐月子,重男轻女婆婆却炖鸡汤,去厨房一看含泪离婚"
1297,度孤魂萧瑀正空门
1298,商务部服贸司负责人就《关于推动服务外包加快转型升级的指导意见》的相关内容答记者问
1299,四川省生殖医院科研项目《四川省民族地区复发性流产病因研究》获得立项
1300,电商直播系统源码开启购物直播发展的新篇章
1301,省人防办督导检查遵义市正安县人防系统腐败问题全面调查整顿工作
1302,麻江县供销社真帮实扶 多举措助力脱贫攻坚
1303,铜仁市民族和宗教事务委员会官方网
1304,"投资者提问:董秘,你好!德豪润达小家电品牌北美ACA与马云45亿元..."
1305,井盖变“景盖”！广元青川大学生巧手给大地上彩“妆”
1306,省人民政府关于加大利用外资力度推动经济高质量发展的实施意见
1307,江门蓬江区文化馆让文化艺术触手可及
1308,商务部等8部门关于推动服务外包加快转型升级的指导意见
1309,举报:聚星STAR创业班 美业护航人这样的传销骗子洗脑公司
1310,铜仁市民族和宗教事务委员会官方网
1311,"老婆瞒着所有人玩返利投资蠢到把全家存款全骗光了,还借钱玩,现还倒欠债"
1312,景区购物公园再升级  成都大悦城唤醒城市新活力
1313,谁能管一下聚星STAR创业班 美业护航人这样的传销骗子洗脑公司
1314,SM中国地球一小时大型公益活动第10年
1315,咨询鉴定我手里的这块破铜
1316,"风物长宜放眼量,盯盘太盛少调仓"
1317,练为战 砺尖兵 山东各地防汛应急演练检验“真本事”
1318,山西高校新名片|中国装备制造业摇篮--太原科技大学
1319,这是鬼打墙的节奏吗?晕死了……
1320,长沙棋牌游戏开发公司哪家好?
1321,济南初中学考成绩7月29日下午14:00公布
1322,中央财政支持住房租赁市场发展试点城市公示 山东1个
1323,逼逼赖赖的人还是多
1324,把舞台让给小丑
1325,直销行业常见问题解答
1326,珲春公安打掉一跨境赌博团伙
1327,6月17日擒牛姐盘前观点
1328,"新疆吐鲁番市火焰山社区:共绘""同心圆"" 携手""幸福路""(转载)"
1329,【吴钩一言堂】石正丽和吴尊友
1330,国士无双与爱马仕皮带 难道英雄就活该清贫
1331,抗击汛情！安徽150万农户将获免息贷款支持
1332,求助！合肥蓝天救援队急需救援设备
1333,凯里市供销社开展主题党日活动
1334,涉案假酒共400余件 阜阳警方捣毁一假酒储存窝点
1335,新型冠状病毒感染的肺炎防控知识手册
1336,基于BIM-FILM虚拟施工系统进行可视化技术交底的应用
1337,洪江市治黔城建设怀化二级区域中心!
1338,向前!贺儋州市升格地级市5周年
1339,"2020年,我国装配式建筑市场空间约2万亿!2025年,超6.8万亿"
1340,六盘水市商务局副局长谢锡骞带队走访家政服务企业
1341,桂林旅游政务网
1342,奇幻奇美“夏天的雪”！四川若尔盖红原6月接连两天普降大雪
1343,夏日的成都夜色撩人 别样的市井生活画卷暖人心
1344,贵州省医疗卫生行业综合监管第七督察组进驻督察黔东南州工作
1345,【小说部落】离职后的365天
1346,六盘水市交易分团积极参加第二届中国国际进口博览会
1347,"海南自贸港十大基建,全岛同城化正一步步向我们走来"
1348,流浪日记【第九篇】
1349,粮肉菜：保供稳价有底气-新华网
1350,市人防办对赤水市、习水县人防系统腐败问题全面调查整顿工作进行督导检查
1351,港人的养老金从哪儿来?
1352,中房协发布:融侨集团荣膺2020中国房地产企业31强
1353,"探营施工情况:许家印要求建观光台供监督,球场轮廓大致明年年底前可显现"
1354,汇智盈期:机构预测黄金将飙升至4000美元(转载)
1355,遵义市人防办深入开展“学雷锋” 新时代文明实践志愿服务活动
1356,乔木《美国疫情日记》让许多人美国梦破灭(转载)
1357,"岁月静好,悠悠流过"
1358,《荀子》卷12君道篇诗解6主智且仁礼取用等
1359,从“给我上”到“给我上”——明朝衰败的其中一条轨迹
1360,浅谈影视作品对地方文旅发展的影响
1361,今日3连阴下跌 晚间还会继续吗?看这里
1362,当年朝鲜三八线停战协议和当下印度偷袭事件对比
1363,视频：涉嫌偷拍的韩星身份曝光 系歌手TheFilm黄埔始
1364,关于转发《住房和城乡建设部办公厅关于建设工程企业资质延续有关事项的通知》的通知
1365,丁文《论安康的文化本原兼谈文化自信》(4)
1366,退休争议的始末
1367,故乡
1368,“萌新小白”如何走好“职场棋”
1369,"荣曜秋菊,华茂春松:画家笔下的女性"
1370,视频：潘玮柏官宣婚讯吴昕发文祝福 评论区成心碎现场
1371,JENNIE歌曲点击破5亿 创韩国solo女歌手新纪录
1372,关于王梁全等同志任职的通知
1373,关于肖骁同志岗位聘用的通知
1374,杭州市帮扶黔东南州工作队2020年工作要点
1375,裂开的星球裂开了谁——评吉狄马加《裂开的星球》
1376,"最糟心的一天,好想找个没人的地方哭一场"
1377,捷信惠购额度怎么套出来?捷信惠购额度提现秒到操作步骤
1378,2020年建筑业资质公示（第202016期）
1379,视频：韩国艺人试图非法购买麻醉药 未测出毒品反应
1380,建设检测机构资质认定公示（安JC第202002期）
1381,"中国台湾省人均住宅面积很大啊,人均48平方米"
1382,遵义市2014年度社发攻关、平台项目拟立项公示
1383,解开古今中外的千古难题:情为何物 (熊继光原创)
1384,小东西
1385,评论:警惕科技成果之下的道义捆绑
1386,监督持续发力 护航脱贫攻坚
1387,鱼峰区司法局举办首场物业纠纷人民调解工作专题培训
1388,柳州市社区矫正办到柳城开展社区矫正法实施情况督导调研
1389,海南尚有72名密切接触者 3例无症状感染者接受医学观察
1390,脸部基因是性染色体决定的
1391,永不能忘!
1392,基金定投直播20年-第1271天-2020/7/27  今日买入:5
1393,国务院办公厅关于印发公共文化领域中央与地方财政事权和支出责任划分改革方案的通知
1394,"股市的下一阶段,将会是乌克兰右岸战役"
1395,安顺市住房和城乡建设局组织召开安顺市脱贫攻坚普查和住房保障问题整改专题工作视频会议
1396,"最近赞扬中国大陆的都是些如世界银行,世卫,联合国等等,台省呢"
1397,省扶贫办到黔东南州调研脱贫攻坚工作
1398,讨论一下那个拜金秃头杀妻男是如何做到毁尸灭迹的?头颅和骨盆怎么解决?
1399,安顺市住房和城乡建设局对乐平镇集中建房试点进行调研
1400,遵义市生产力促进中心公开招考拟聘用人员公示
1401,"跟成功人做事,你也会成功。刚刚试了下,果然成功了。哈哈哈"
1402,徐冬冬深夜发博坦言想嫁人：女汉子也有柔情时刻
1403,耒阳把人民健康放在第一位
1404,定义为别离
1405,黄晓明面对质疑“依然会被搅乱”：始终需要反思
1406,肖不斯说:用编程思维拆解「唐楚玥高考725分」背后的底层逻辑?
1407,二傻童年往事——笔记本
1408,【法律进社区】凤凰社区：强化禁毒培训 筑牢禁毒防线
1409,安宰贤离婚清空社交网站后首更新 粉丝：太想你了
1410,【法律进社区】笔架社区开展《民法典》学习和反邪教宣传活动
1411,一图读懂总体国家安全观
1412,江疏影：30岁，要有“重新再来”的勇气
1413,州扶贫办组织全体干部参加全省市（州）扶贫办主任视频会议
1414,锦屏高舟村：“种药材”播下美好生活新希望
1415,中期调整展开 短期见低点
1416,"惠而浦虚增利润和利润拟被处罚,受损股民可以开始行动了(转载)"
1417,我想你永远不会知道我心里的想法
1418,【法律进学校】法治副校长走进校园开展宣传
1419,【法律进社区】盛庭苑社区开展反邪教知识竞赛活动
1420,遵义市生产力促进中心2014年公开招聘人员总成绩及体检人员名单公示
1421,"忠诚是自我修行——读朱国华的《如果外部环境期待我们撒谎,我们至少保持"
1422,黎平县突出“四个围绕”抓实党建
1423,蒋哲浩:7.13黄金原油今日市场行情走势分析以及短线操作建议
1424,被赞“经费在燃烧”的特效 《重启》费了这些功夫
1425,三穗县：疫情防控与春耕备耕两不误
1426,【法律进企业】提升依法经营水平，助力创建文明城市
1427,"中考是人生的第一个转折点,如果中考成绩落榜……"
1428,遵义市地震台迁建地震监测台站工程建设项目采购公告
1429,台阶
1430,遵义市生产力促进中心公开考试招聘人员简章
1431,大秦皇朝是如何亡的(转载)
1432,做了切眉多久可以恢复?切完眉注意事项有哪些?
1433,确定“现代四大史学家”名单的严耕望(转载)
1434,三穗县：党建“四步棋”助力决胜脱贫攻坚
1435,看了那么多版《盗笔》 终于等到破8分的《重启》
1436,"2020年高考,海口中学缘何成为最大的黑马?"
1437,YG回应赛琳娜与BlackPink合作：请等待官方消息
1438,矛盾命题不能杂交
1439,"6月3日新股申购与热点概念题材(附股),欢迎关注"
1440,“弹幕版”四大名著电视剧缘何受年轻人追捧？
1441,视频：官宣！北京电影节8月22日至8月29日举办
1442,"苟一苟,轻仓或休息"
1443,诗意栖居:《大地》与《历史研究》品读
1444,六盘水文明网
1445,习水县2014年省市县科技合作项目拟立项公示
1446,经典318国道川藏线——拼车——拼房——拼吃——拼玩召集
1447,"山川异域,日月同天"
1448,"终于承认,印媒体泄露军方内部文件:下令越境袭击的指挥官已找出。(转载)"
1449,王辉局长深入一线指导病虫害防治和坝区灾后重建恢复生产工作
1450,湄潭县2014年省市县科技合作项目拟立项公示
1451,遵义县2014年省市县科技合作项目拟立项公示
1452,台湾女纹身师  历时两年 经过200个城市 超过5万公里的环游之旅
1453,影院复工首周各地影院让利 96%票价低于去年均线
1454,“中国洋浦、亚洲博鳌、世界三亚、宇宙文昌”16字概括自贸港总体方案
1455,反美勇士:击毁美军大力神。美军:俺家飞机是自杀!
1456,江苏文科最高分无缘名校:沿袭12年“等级模式”明年将大改
1457,义乌个体户收汇结汇额度没有限制
1458,杭州市农技专家赴榕江开展农技服务指导工作
1459,涉嫌偷拍的韩星身份曝光 系歌手TheFilm黄埔始
1460,2014年遵义市科技局、遵义医药高等专科学校联合科技研发资金项目拟立项公示
1461,"急了,蓬佩奥发文《论联合国人权理事会的虚伪性》(转载)"
1462,“两大主题”显担当——市政协2019年以来履职工作巡礼之协商议政篇
1463,这不是马栗乐!!!feuerdrache德国草本马栗修复凝胶上市啦!
1464,为什么要制定公职人员政务处分法？中纪委权威解读
1465,贵州风景美如画
1466,肖捷主持召开全国政务公开领导小组第三次会议
1467,视频：周扬青否认求罗志祥复合并回应“要啥男友 有姐妹就够”
1468,我国将建立贫困人口住房安全动态监测机制(转载)
1469,视频：刘诗诗《流金岁月》杀青晒背影照 倪妮亲密留言“暂别”
1470,"商品房买卖合同网签备案如何办理? 成都出台《办法》,1个工作日内办结"
1471,"杨光华:武汉楼市,有“端午节”行情吗?"
1472,"海口街头,新能源汽车不断普及,市民网友来提议……"
1473,黄轩主演正午新剧《闽宁镇》 张嘉译闫妮再度合作
1474,"硕士毕业,要不要暂时回合肥发展"
1475,车位维权
1476,刘畊宏为女儿办生日派对 7岁小泡芙露豁牙超可爱
1477,OOR成员TORU确认感染新冠 其他成员身体状况良好
1478,"63万买了96方佛山的房子,每个星期都会和家人去看看,因为它更努力的挣钱。"
1479,"四川省三级法院联手相护,检察院爱莫能助!"
1480,黄金、白银、虚拟货币近期飙涨!到底怎么了?(转载)
1481,安顺市住房和城乡建设局组织召开《安顺经开区幺铺镇农村宅基地集中建房改革试点方案》评审会议
1482,重庆银保监局监管失职、失察愚弄老百姓
1483,重庆银保监局监管失职、失察愚弄老百姓
1484,农业农村部到我州督查退捕渔船渔民建档立卡工作
1485,求助无门只图平安
1486,关于申报“2014年遵义市汇川区省市区科技合作项目”的通知
1487,合肥有哪些网红打卡地?
1488,"2020两会上,提出关于垃圾分类的三点建议"
1489,《中华人民共和国突发事件应对法》解读
1490,娃娃win超爱妈妈mon
1491,"徐州自驾地推荐,小姐妹旅行照美呆"
1492,南岸起风景之四:南岸官方推诿搪塞懒政怠政漠视民生
1493,黄渤监制电影《风平浪静》上影节开启线下展映
1494,《绝地战警：疾速追击》定档8月14日
1495,愿意改造老屋自己居住的人士
1496,求助无门只图平安
1497,韩KBS主播崔东锡一家四口车祸 卡车司机酒驾逆行
1498,雁南飞LZY
1499,辉哥小小小跟班
1500,高举旗帜 筑牢忠诚警魂 全国公安机关坚持政治建警全面从严治警系列述评之一
1501,姜立军到谷陇镇鱼良村进行产业调研
1502,西安招聘微信推广专员 1名
1503,"今天是个特殊日子,市场会开门红庆祝吗?"
1504,《怦然心动的小姐姐》心动开播 刘芸宋铭宇年下恋“唤燃一心”(转载)
1505,王辉局长到州农检中心实验室开展危险化学品专项检查
1506,电影#英雄联盟之千单之王#看过的友友们更喜欢哪个演员?
1507,韩艺人试图非法购买麻醉药被调查 未测出毒品反应
1508,合肥和无锡公务员怎么选?
1509,小胖蛋775858
1510,安顺市房地产开发企业资质公示（第2020026期）
1511,【长篇小说】我和僵尸有个约会(第八十一章)见血封喉
1512,遵义市科技局关于组织开展科技型中小企业调查备案和科技成果转化及科技招商情况调研工作的通知
1513,"贫困县负债400亿,本质恰恰是‘拒绝炒房’导致的"
1514,被质问“你也配扇江疏影” 高海宁：刚开始真不敢
1515,孩子要不要送去给婆婆带
1516,王辉局长深入一线指导病虫害防治和坝区灾后重建恢复生产工作
1517,"婆婆住院,女儿儿子儿媳谁来伺候"
1518,关于填报2013年度贵州省科技特派员统计报表和数据库信息表的通知
1519,六盘水文明网
1520,"半部论语治天下,论语学习第231天"
1521,浣溪纱(和纳兰韵)
1522,乘风破浪潮头立 公安改革新观察”系列报道启示录
1523,遵义市科学技术局(知识产权局)2012年部门决算及“三公”经费决算信息公开
1524,临江仙和步蟾宫一组
1525,写给喜欢诗词的人
1526,"诗词鉴赏,领略中国文化之美!"
1527,遭遇“景德镇人”
1528,列车信息一步到位
1529,脑瘤其他治疗措施(转载)
1530,遵义市2013年度科学技术奖评审结果公示
1531,我也曾热烈地喜欢过冬天
1532,"面对川普与蓬佩奥带领的美国,我们要防患于未然"
1533,论顾漫的故事
1534,"微信人工刷票多少钱一票,微信上怎么刷投票_光速网络工作室"
1535,民营企业谈投资贵州:发展机遇大 投资信心足
1536,安顺市住房和城乡建设局组织开展城镇燃气安全检查
1537,六盘水文明网
1538,市园林局实地查看经开区干河小游园积水问题
1539,市园林局实地查看经开区干河小游园积水问题
1540,努力夺取新时代禁毒人民战争新胜利 全民禁毒宣传月系列活动亮点纷呈
1541,陶器与瓷器的区别
1542,补齐短板弱项 转变思路理念 确保创文工作如期完成
1543,城堡_新浪娱乐_新浪网
1544,南宁北武鸣经开区猎天大学郡商品房为什么这么多人投资?原因是什么呢
1545,2012年度遵义市省市科技合作重大项目立项公示
1546,从三场战役看中国人的进步
1547,安顺市城市综合管理服务平台成功接入国网
1548,安顺市城市综合管理服务平台成功接入国网
1549,2013年度遵义市科技计划项目立项公示
1550,墨西哥：周末的汽车电影院
1551,市城市管理综合行政执法支队党支部开展 “扶危济困，奉献爱心”主题党日活动
1552,乡村振兴周报(第6期)
1553,都有哪些顶级机构投资了Filecoin?
1554,提眉术后注意事项是什么、切眉后注意事项你别忽视!
1555,"上海长江医院 性早熟的孩子先“高”后“矮”,你还会放任不管吗?"
1556,关于申报2013年道真中药材产业科技合作专项项目的通知
1557,"开学前的十大准备,帮助孩子更好的进入学习状态!"
1558,"上海长江医院 多动症的治疗误区多多,家长频频出错!"
1559,安顺市城市综合管理服务平台成功接入国网
1560,《石头记》——改良主义的先驱
1561,真有情况了？荷兰弟发女演员照片疑坐实新恋情
1562,组图：元气满满的冲啊！杨洋胡军绿洲骑儿童摩托赛车
1563,面对疫情该选择哪种口罩?问题口罩谁来把关?
1564,中外合作办学能否成为留学“替代品”
1565,土鸡蛋为何比普通鸡蛋贵?
1566,市住房城乡建设局组织召开2020年第二季度全市燃气安全管理工作会议
1567,市住房城乡建设局组织召开2020年第二季度全市燃气安全管理工作会议
1568,深圳龙华哪里培训化妆美甲美容纹绣比较专业?美誉国际形象设计学校
1569,排列五  芝麻开门
1570,"好人没好报啊,下次再有人挖坑我绝不拉人只管填石头"
1571,柯佳嬿追《浪姐》Pick李斯丹妮：跳舞真是绝了
1572,市城管综合执法支队开展城区建筑工地扬尘治理专项检查
1573,一个怂人的纯真年代
1574,市住房城乡建设局对关岭县、紫云县农村垃圾收运设施建设运营和非正规垃圾堆放点排查整治情况开展督查
1575,“孔苍蝇”、弹指123、各种庸医必须根除
1576,市城管综合执法支队开展城区建筑工地扬尘治理专项检查
1577,拼技能 展风采——柳北区农民工叉车司机技能大赛圆满落幕
1578,市住房城乡建设局对关岭县、紫云县农村垃圾收运设施建设运营和非正规垃圾堆放点排查整治情况开展督查
1579,【工人】
1580,"五一来黔旅游攻略,请收藏!"
1581,关于申报遵义市2013年省市科技合作资金项目（含市级科技计划项目）的通知
1582,怎么回事？徐正溪姚笛主演网剧《痕迹》被下架
1583,绝世瑰宝:海南黎族医药可能实现3000亿产值!(转载)
1584,实名举报青岛镇江路派出所所长徇私枉法事实!
1585,实名举报青岛镇江路派出所所长徇私枉法事实!
1586,安顺市住房和城乡建设局组织开展城镇燃气安全检查
1587,人社部社保中心调研组来柳开展失业保险保障扩围工作专题调研
1588,2012年度遵义市科学技术奖评审结果公示
1589,安顺市住房和城乡建设局对“十件实事” 工作推进情况进行专项督查
1590,西江月 荷梅菊三首
1591,古草堂董事长胡理壮:传承黎族文化 为海南黎药3000亿产值赋能助力(转载)
1592,"融资企业数量不如出台政策多,产业区块链破局路在何方?"
1593,坚决打赢新时代禁毒人民战争
1594,南行记---离岛南国
1595,关于全国以省为单位错时放假的建议
1596,关于召开《柳州市职业技能提升行动专账资金就业补助资金促进职业技能培训补贴 管理细则》政策解读会的通知
1597,市住房城乡建设局举办消防设计审查和竣工验收工作培训会
1598,西江月  夜半闻蛙声
1599,有没有去青岛一起旅游的小伙伴
1600,"如果迷路是常态,你的人生就没有迷途"
1601,汇智盈期:机构调研加大对建筑、地产行业关注(转载)
1602,他们应奋斗而“最美”
1603,安顺市住房和城乡建设局开展城市建设安全生产专项整治督查
1604,市住房城乡建设局对关岭县、紫云县农村垃圾收运设施建设运营和非正规垃圾堆放点排查整治情况开展督查
1605,市住房城乡建设局对关岭县、紫云县农村垃圾收运设施建设运营和非正规垃圾堆放点排查整治情况开展督查
1606,市住房城乡建设局举办消防设计审查和竣工验收工作培训会
1607,事实说明反对ETC是有道理的
1608,沈梦辰大腿现大块淤青 无奈笑称“心疼自己两秒”
1609,"高速恢复收费后又有新变化!交警严查,不少人因ETC被罚款!(转载)"
1610,野三关金桥汽贸城下欠工人工资74万
1611,金桥汽贸城下欠工人工资74万
1612,桂林市人民政府令第3号
1613,高速恢复收费之后的见闻和感受
1614,市住房城乡建设局举办消防设计审查和竣工验收工作培训会
1615,市住房城乡建设局举办消防设计审查和竣工验收工作培训会
1616,塞族的悲歌
1617,潘玮柏情史被扒有5任绯闻女友 自曝恋爱时蛮温柔
1618,粥之争乃驴唇与马嘴的争论
1619,"晒下ETC分段计费账单,回程查不到账单,可能免费没扣费"
1620,2012年度遵义市星火计划、农业攻关项目立项前公示
1621,2010年大学毕业生就业“考碗”指南(转载)
1622,堪比潘海文/文东清的海南万宁黑恶势力
1623,菜农蔬菜散落一地 警民合力捡拾除隐患
1624,国家应该早日出台破产法和降低高利贷判断标准
1625,安徽警方破获侵犯公民信息案 数百万条求职者信息遭窃
1626,潘玮柏曾和空姐老婆聚少离多分手 复合时间点曝光
1627,伊拉克要求美军等外国军队尽快撤离
1628,拟受理参加遵义市2012年度科学技术奖评审项目（成果）公示
1629,2020年第二季度公益性岗位人员岗位补贴及社保补贴公示
1630,长篇小说连载(我们的青春年少)
1631,"埃尔多安公布战果,称摧毁8套铠甲,俄罗斯:该地区只部署4套"
1632,遵义市地震台2012年公开招考专业技术人员实施方案
1633,为避狙击: 所有银行停止“纸原油”新开仓(转载)
1634,美国除了甩锅还是甩锅
1635,"责任在肩,使命在心"
1636,遵义市首批市级科技创新人才团队拟入选名单公示
1637,股市不存在大牛市基础
1638,"关于上等人和下等人,这才是正确的定义"
1639,潘玮柏与空姐老婆传两年绯闻 曾多次否认结婚传闻
1640,2020年一季度入孵企业场地水电补贴名单公示（第一批）
1641,"工号“ZY0001”,雷神山医院唯一的志愿者(转载)"
1642,关于印发2012年支持专利申请意见的通知
1643,我举报重庆市公安局和重庆市南川区公安局犯罪的警察我还成了罪人!
1644,"不孝女为争贪官遗产, 疫情期起诉病弱父亲!"
1645,茅台酒、习酒、Vivo牌手机配件等 碧江警方集中销毁一批假冒伪劣商品
1646,广西南宁一案件5年了柳某莲柳某星至今逍遥法外。
1647,视频：2019中国十大影响力影视剧榜单出炉 《少年的你》《陈情令》上榜
1648,梁家仁徐少强出演《镇魂歌》 人妖两界跨族开战
1649,农发行浠水县支行开展“3.15”消费者权益保护教育宣传活动
1650,道真县2012年度省市县中药材产业科技合作项目立项前公示
1651,添丁进口
1652,柳州市2020年6月人才分类拟认定人员名单公示
1653,上海都市医院_哪几种表现提示宝宝缺锌了?
1654,关于印发《遵义市省市科技合作重大科技项目立项程序》的通知
1655,贵州省科学技术厅、遵义市人民政府、道真县人民政府关于申报“2012年道真县中药材产业科技合作专项项目”的通知
1656,男子以贩卖“废铁”为由实施诈骗，碧江警方“千里追凶”终被擒
1657,徐佳莹官宣怀孕喜讯：现在我有两颗心脏
1658,2012年度遵义市省市科技合作项目立项前公示
1659,深夜食堂开场曲演唱歌手去世 患食道癌享年65岁
1660,"马伊琍追《二十》嗑姜小果段振宇cp 喊话""在一起"""
1661,"易德天下——五毒月来临,这些禁忌必须知道!"
1662,"如果小叔子忘恩负义,作为大嫂我可以起诉他吗?"
1663,遵义博信科技咨询有限责任公司2012年面向社会公开聘用专业技术人员简章
1664,安顺市司法局开展心理健康辅导讲座 加强社区矫正对象情绪疏导
1665,"二婚冷战的我们,该何去何从"
1666,六盘水文明网
1667,全市司法行政系统法制工作研讨会召开
1668,2012年度遵义市科技计划项目立项前公示
1669,"海南自由港,难道就只能玩奢侈品?"
1670,山东莱阳市的权比法大
1671,小姑子皮秒后反黑处理太机智!做了皮秒要注意什么;听我小姑子给你讲讲!(转载)
1672,2012年遵义市科技局 遵义市第一人民医院联合科技研发资金项目立项公示
1673,"【汤种黄油小餐包】早餐必备小餐包,家家都要吃!(转载)"
1674,柳人社发〔2020〕67号 关于延长阶段性减免企业社会保险费政策实施期限等问题的通知
1675,柳人社发〔2020〕67号 关于延长阶段性减免企业社会保险费政策实施期限等问题的通知
1676,天津个人消费贷款房屋抵押贷款?农行客户经理18812822122
1677,安顺市司法局召开“让党中央放心、让人民群众满意的模范机关”创建工作动员会
1678,2012年遵义市科技局 遵义医药高等专科学校联合科技研发资金项目立项公示
1679,组图：《元气满满的哥哥》路透 赖美云元气可爱王晨艺赵让帅气
1680,没意思
1681,关于印发《柳州市职业技能提升行动专账资金就业补助资金促进职业技能培训补贴管理细则》的通知
1682,吃还是要吃贵的
1683,广西壮族自治区人力资源和社会保障厅 广西壮族自治区财政厅关于扩大失业保险保障范围和实施失业保险稳岗计划的通知（桂人社发〔2020〕31号）
1684,期货被骗怎么办
1685,关于请做好省级以上重大科技项目实施成效总结的通知
1686,感官替代的发展之路
1687,安顺市司法局开展心理健康辅导讲座 加强社区矫正对象情绪疏导
1688,产品抽检不达标 海南艾森乳业:系操作失误 错用包装
1689,我市与贵州大学法学院举行“法治安顺”调研评估洽谈
1690,掩眼对旧宅
1691,我市与贵州大学法学院举行“法治安顺”调研评估洽谈
1692,横山云雾
1693,全市司法行政系统法制工作研讨会召开
1694,安顺市司法局开展心理健康辅导讲座 加强社区矫正对象情绪疏导
1695,大S谈二胎难产经历：是玥儿把我从鬼门关拉出来
1696,"分期乐购物额度怎么套出来,分期乐购物额度500提现秒到吗?"
1697,应聘饿了么外卖员却被骗分期车贷
1698,上海都市医院专家解答:孩子不长高有哪些原因?
1699,男子在步行街实施盗窃，碧江警方迅速将其抓获
1700,"人到中年,有多少资产才可以过退隐山林的生活?"
1701,遵义市科技局转发“关于组织参加第九届中国-东盟博览会先进技术展的通知”的通知
1702,安顺两县创新开展社区矫正“开放日”活动
1703,捷信惠购怎么提现出来 捷信惠购额度提现的操作方法
1704,"结婚3年一直是AA,突然发现老公有小金库,我怎么做才能管钱?"
1705,视频：赵忠祥生前书法仅售688元？经纪人称“那是假画”
1706,玉墟山人闲话玉墟养生之十二
1707,遵义市科技局关于2012年度遵义市科学技术奖励推荐工作的通知
1708,“会风云”与“袁大头”
1709,大家来评评理——有关商业银行和税务局的事情
1710,孙春兰:毫不放松抓好常态化疫情防控 坚决防止疫情反弹
1711,王辉局长到州农检中心实验室开展危险化学品专项检查
1712,珍心爱情感
1713,学习贯彻《社区矫正法》 开创社区矫正新局面
1714,视频：Yamy风波后再发长文 录音有剪辑 上法庭分秒不缺
1715,遵义市科学技术局关于申报遵义市2012年省市科技合作资金项目（含市级科技计划项目）的通知
1716,洛阳黑恶势力的保护伞---金谷分局任士明
1717,关于申报“2012年遵义市汇川区装备制造业发展科技合作项目”的通知
1718,罗马假日小区车位业主维权诉求书(转载)
1719,六盘水文明网
1720,杨勇到紫云联系点开展帮扶工作
1721,视频：杨丞琳追《乘风破浪的姐姐》看哭 大夸李斯丹妮帅
1722,不花能不能泡到妞?
1723,青春，在岗位上，在警营中，熠熠生辉！
1724,花儿为什么这样红O致敬父母的爱情
1725,东鲁孔梅溪的名义
1726,瓜菜代 有南瓜
1727,《柳州市职业技能提升行动专账资金就业补助资金促进职业技能培训补贴管理细则》政策解读
1728,痴情的翻译家 世界的《红楼梦》(转载)
1729,车位业主维权诉求
1730,安顺市司法局到贵州大学法学院开展校地合作洽谈
1731,我要车位产权
1732,"老先生走好,反腐斗士”杨维骏去世 享年98岁"
1733,红玫瑰
1734,2020年国家统一法律职业资格考试公告
1735,关于征集第14次中意科技联委会（2013-2015年度）合作项目的通知
1736,爱就是自私!
1737,"清理乡村河道,助力建设美丽乡村"
1738,实名举报:沛县李波冒充中央电视台《老故事》频道制片人诈骗钱财
1739,去黄果树瀑布只是为了看风景吗?那你就枉来一趟咯
1740,粗心妈妈与人聊天太投入，3岁女儿街头走失，然后......
1741,股市白酒板块再次领先
1742,▲▲▲八月 组团游云南+贵州 欢迎小伙伴加入
1743,2020年国家统一法律职业资格考试公告
1744,"贵州最独特的人工瀑布,一小时800却胜过黄果树,网友:水管炸了"
1745,我们的车位怎么了2
1746,《广西壮族自治区人力资源和社会保障厅 广西壮族自治区财政厅关于扩大失业保险保障范围和实施失业保险稳岗计划的通知》政策解读
1747,《广西壮族自治区人力资源和社会保障厅 广西壮族自治区财政厅关于扩大失业保险保障范围和实施失业保险稳岗计划的通知》政策解读
1748,网路歌诗集之念奴娇四首 听歌曲
1749,徐明朝回应yamy:希望能和那个录音的朋友法庭相见
1750,"下星期放暑假了!开学没多久就放假,有点焦虑了。。。。。"
1751,网路歌诗集之声声慢    与七七持之渔之诸诗友同写广州万木草堂
1752,《红楼梦》甲戌本“凡例”到底起什么作用?
1753,"环江东流千万里,不及同学待我情-忆环县之行答谢王镇海同学"
1754,遵义市科学技术局 遵义市第一人民医院关于2012年联合科技研发资金项目申报的通知
1755,"家装“冷知识”,装修小白的9大错误认知(转载)"
1756,罗马假日车位何时能办证
1757,车位何时能网签
1758,州农业农村局到三穗县开展兽药残留监督抽检工作
1759,印度首都新德里监狱系统累计有221人感染新冠肺炎
1760,关于调整2020年法律职业资格考试时间的通知
1761,"红山脚下多词客,文以咏志话巍峨"
1762,贵州省科技厅、遵义市人民政府、赤水市人民政府关于申报“2012年赤水金钗石斛产业化发展科技合作专项项目”的通知
1763,"直播翻车的罗永浩,和多次哽咽的罗玉龙是什么关系?"
1764,《安顺市人民政府外聘法律顾问管理办法》
1765,参加南昌起义的三个黄埔同学的命运
1766,我州召开水稻重大病虫害防控工作推进会
1767,范曾艺术馆建设座谈会召开
1768,杨牧青书法:大唐中兴颂句兼评议
1769,关于认真做好2012年上半年工作总结的通知
1770,印度首都新德里监狱系统累计有221人感染新冠肺炎
1771,中国股市:未来医药板块能走出“下一个贵州茅台”的10倍大牛股!
1772,鬼事回忆记3
1773,"宵衣旰食,日理万机的明朝亡国之君朱由检,为何没能挽救大明王朝"
1774,州水产站到雷山县开展2020年稻鱼综合种养技术培训及农村安全生产知识讲座
1775,三盛控股(02183)拟溢价0.74%向控股股东增发4980万股新股收购福州...
1776,关于进一步完善事业单位专业技术二级岗位聘用工作的通知的政策解读
1777,六盘水文明网
1778,肥胖使我痛苦
1779,碧江一男子疫情期间疯狂盗窃，作案多起终落网！
1780,贵州省科技厅2012年机动计划项目拟立项公示
1781,"有人说写这部小说的作家是下一代大神!我吐了,你们进来看看。"
1782,关于公开征求《贵州省法治宣传教育条例（草案）》修改意见的通知
1783,关于公开征求《贵州省法治宣传教育条例（草案）》修改意见的通知
1784,山西沁源县:煤矿事故涉嫌瞒报 应急局谁给企业“通风”?
1785,真正的孤独是一种境界(转载)
1786,《关于分类推进人才评价机制改革工作的通知》政策解读
1787,上海长江医院 记忆力差的孩子要怎么办?
1788,"男子银行卡里的8万余元存款""不翼而飞"" 民警调查结果是....."
1789,出门踏青不慎丢失手机，求助民警失而复得
1790,益心微信集锦2
1791,贾樟柯上影节开大师班 谈疫情期称过得很“分裂”
1792,黔东南州4月水产养殖病害预测预报
1793,嗜血的博尔顿的书因特朗普没把美国带入战争而恼羞成怒
1794,社科院与杜兰大学中外合作办学硕士有哪些优势(转载)
1795,2020年上半年福州市GDP完成4360.6亿元
1796,入户盗窃后潜逃 警方快速锁定380公里外将其抓获
1797,"恰恰是南宋成就了岳飞,"
1798,"台积电断供华为暴露一个问题,原来国产芯片并不落后美国芯片"
1799,博纳于冬：电影片源储备只能支撑到明年三四月份
1800,安顺市司法局关于颁发2019年法律职业资格考试成绩合格人员法律职业资格证书的公告
1801,每日投研焦点(转载)
1802,大连疫情扩散:福州进入战时状态、北京现关联病例……海鲜公司成...
1803,纪念我的惨绝人寰的初恋
1804,伊德利卜叛军失控24小时内连续发动7次攻击俄叙斩草除根杜绝后患。
1805,唐勋忠副局长带专家组赴台江县开展农业产业指导
1806,努力20年仍未成功 韩国努力自研K2坦克传动系统(转载)
1807,送法进社区 让民法典与生活同行
1808,投资者提问:航天通信参与此次北斗三号火箭发射了吗?为北斗三号...
1809,韩影票房：《釜山行2》2连冠 《少年的你》数据好
1810,玉墟山人闲话玉墟养生之十一
1811,广西壮族自治区人民政府办公厅关于印发广西职业技能提升行动实施方案（2019—2021年）的通知(桂政办发〔2019〕81号)
1812,中国的态度历来是不惹事不怕事:xzren|2020-07-21(转载)
1813,关于申报2012年度“湄潭县茶叶等特色产业科技合作计划项目”的通知
1814,关于要求严厉查处浙江省温州市龙湾镇南村书记王坚岳违法违纪行为的举报信
1815,上海都市医院 多动症影响孩子的学习该怎么办呢?
1816,"宁波公牛集团员工潘飞绝命遗言写的很清楚,是被逼死的"
1817,黔东南州4月水产养殖病害预测预报
1818,解读雨巷
1819,父亲 新韵二则
1820,安顺：精准普法确保青少年法治教育供给
1821,"抢红包?撩妹子?除了不会生孩子,这个编程语言什么都会"
1822,约瑟夫-安萨里-塔克拉玛干尼
1823,加拿大女博士人生赢家|结婚、生娃、科研、培养老公成海外名校博士
1824,遵义博信科技咨询有限责任公司面向社会公开聘用专业技术人员简章
1825,大象军视
1826,儿童肥胖家长该怎么办?
1827,OO·满满
1828,导致小儿肥胖的主要病因是什么?
1829,闷声可干大事
1830,柳州市人力资源和社会保障局网站
1831,这么说的道理何在
1832,薛凯-又重名了
1833,东方军事观察EL
1834,湖南长沙县高位截瘫28年轮椅公益人的传奇人生路
1835,疫情之下的全球金融动荡(原油篇)
1836,白内障、斜弱视与小儿眼科欢迎咨询北京华尔医院焦永红医师坐班时间
1837,关于开展中药现代化科技专项项目库建设的通知
1838,如何判断孩子有没有多动症呢?
1839,证监会对獐子岛罚款60万元 4名主要责任人采取5年至终身市场禁入(转载)
1840,yamy风波后首发长文 承认有剪辑处理会议录音
1841,房子被地方政府强拆了怎么维权?
1842,州农业农村局到三穗县开展农产品质量监督抽样工作
1843,"家里老人膝关节疼痛严重,鼎翼骨科做的手术现在想记录下来"
1844,广西壮族自治区实施《工伤保险条例》办法
1845,江西省南昌市中华情老年公寓社会福利养老院事件
1846,房子被地方政府强拆了怎么维权?
1847,糖尿病白内障、高度近视白内障来北京华尔医院找刘玉福医师为您答疑解惑
1848,遵义市科技局关于协助做好2010年度、2011年度科技成果产出统计工作的紧急通知
1849,声明   告知
1850,州、市两级农业部门联合开展农药市场专项整治工作
1851,【天津富力】物业公司直招保安
1852,组图：李湘晒女儿与THE9成员合影 Angela戴荧光粉帽子淑女范儿
1853,杨玏：陈屿不是一个坏人 他身上有我们的影子
1854,"姬安宁:英国首相和王子都中招,普京也悬了"
1855,如何让孩子远离肥胖症?
1856,暖心！考生就医身份证不慎丢失 万山公安火速出具临时身份证
1857,2012年贵州省高新技术企业网上申报及复审通知
1858,【天津富力】物业公司直招保安
1859,罗茨鼓风机2591713943
1860,YVONNE_世木宣
1861,日本政府称布口罩便宜 要再发8000万个 民众:大可不必
1862,开辟赤峰近代教育先河的首座新式学堂——崇正学堂
1863,什么是保护伞.难道可以让这种人久存?
1864,小舒舒爱霆锋
1865,如何才能确诊孩子是否患上抽动症?
1866,疫情期间 张家界五日游 惊爆价买一送一
1867,日本网友翻出30年前旧报纸:“2020年一半人类患传染病”
1868,遵义市科技局关于报送2010年度和2011年度遵义市科学技术奖候奖项目简介的通知
1869,鲁国平先生
1870,海之帆云之哨
1871,姑苏里里_sunny
1872,首席财务官俱乐部
1873,湘西三城记(二)
1874,进入投资市场应该注意的事项
1875,"值得警惕!日本斥巨资为美国送上“大礼”,或给邻国提了个醒"
1876,孩子哪些习惯容易导致性早熟?
1877,贵阳正规公立癫痫医院李明辉比较好吗
1878,凤凰古城佳游旅行社不负责任
1879,2011年遵义市创业引导资金（科技）项目立项前公示
1880,凤凰小夕
1881,葫芦差不多已经是个咕哒了
1882,《黄帝内经》思维方法论
1883,《自然》子刊:新冠病毒谱系可能已在蝙蝠中传播数十年
1884,午盘提示——0723
1885,"日本“丧心病狂”的卫生间设计,看完我真的爱了!"
1886,举报四川省阆中市副市长易良严重违反群众纪律
1887,宝宝长干疮怎么办?贵阳哪家医院治疗干疮
1888,《重启》弹幕创纪录 12万剧迷助力点亮8城地标
1889,州农经信息站到台江县调查农业企业生产经营情况
1890,遵义市2011年度科学技术成果公告
1891,海口27790名考生今年参加全省中考 28日起填报志愿
1892,"央企海南大显身手,新注册央企今年前5月营收超400亿元(转载)"
1893,疤痕可以激光去除吗?贵阳皮肤医院
1894,关于申报创业引导资金（科技）项目的通知
1895,潮连洪圣殿
1896,柳州市人力资源和社会保障局网站
1897,温情洋蚂蚁
1898,安顺市司法局到贵州大学法学院开展校地合作洽谈
1899,【美白记】维C多牛掰?想美白一定要有它!
1900,西江月
1901,"忘了当年的“竹竿”吗?连着三天,美军机到广东海岸抵近侦察。"
1902,宋祖儿喊话跟拍者：我小演员 不劳大家费心
1903,安顺：精准普法确保青少年法治教育供给
1904,愤怒!新化县科头乡三板桥村干部暴力殴打老人
1905,乡愁家愁游子愁
1906,氨基酸有多好?敏感肌也能安心用哦!
1907,除了难过还是难过
1908,祖国文化的捍卫者
1909,用户6054781713
1910,南八的小金牙
1911,"突发!最高定调,新基建最强音!明天这些股票要小心"
1912,艾丽丝的仙镜
1913,疤痕疙瘩治疗多少钱?贵阳治疗疤痕费用
1914,"青岛婚纱摄影如何选择,哪家拍的不错。"
1915,贵阳治疗癫痫病医院专家李明辉坐班时间
1916,贵州黄平农博翔有限责任公司入选国家农业科技示范展示基地
1917,肉鸡肉鸭行情报价哪里看?
1918,是 ——
1919,怀旧影视短片
1920,深深初约
1921,识破轻钢别墅骗局 深度揭秘轻钢别墅加盟骗局
1922,"为生活留一份从容,留一种清凉,留一点“平平淡淡才是真”的东西(转载)"
1923,十七圆里美
1924,关于申报“2011年遵义市汇川区装备制造业发展科技合作项目”的通知
1925,榕江县坚持坝区引领 推进蔬菜产业发展
1926,回  @左手写字启之  的话
1927,鞠婧祎宋威龙《漂亮书生》抄韩剧?系同一小说改编
1928,贵阳疤痕的治疗医院在哪里
1929,行政复议案审会 持续提升办案质量
1930,镇宁：组织开展“法治体检”，“把脉问诊”企业复工复产
1931,醴陵石亭镇李纪幸:石亭镇政府给出的是一个“伪”回复
1932,《中华当代诗经》诗词欣赏
1933,吕吉山写给莆田市委刘建洋书记的信
1934,关于申报“2011年赤水市石斛产业发展科技合作专项项目”的通知
1935,印媒再次火上浇油!宣称巴基斯坦在拉达克北部增兵2万配合中国。
1936,迷路”耕牛大闹酒店 民警多番苦寻为其寻主
1937,麻江县调减低效作物壮大蓝莓优势产业
1938,柳州市人力资源和社会保障局网站
1939,柳州市人力资源和社会保障局网站
1940,童华里
1941,琐事不琐事看着写吧
1942,六盘水文明网
1943,安顺市司法局全力保障《法律职业资格证书》颁发工作
1944,关于申报“湄潭县茶叶等特色产业发展科技专项项目”的通知
1945,赵忠祥生前书法仅售688元？经纪人：那是假画
1946,女人最大的败笔是刻薄。
1947,安顺市律师协会与青岛市律师协会签署战略合作协议
1948,来看看摄影人眼中的铜梁原乡中央公园有多美
1949,"邓文星解读《春天,十个海子》 (转载)"
1950,为什么iEnglish风靡北京妈妈圈儿?
1951,"警惕!小区、广场、公园常见,已造成多名孩子伤亡"
1952,美肤宝防晒霜怎么样 让衰老和变黑跟不上你!(转载)
1953,"8月去呼伦贝尔大草原旅行,哪里景色美?尤其适合拍照呢~"
1954,"南宁“最接地气”的公园,内藏优秀景点,美女如云,白天人山人海"
1955,都说桂林旅游开始复苏 走访桂林主要公园景区眼见为实
1956,建议不前往疫情严重的国家和地区以及国内中高风险地区
1957,安顺市工业和信息化局关于做好2020年全国质量标杆活动的通知
1958,怎样延缓人体衰老
1959,安顺市工业和信息化局 安顺市财政局关于 印发《支持安顺市规模以上工业企业 达产增产措施》及实施细则的通知
1960,海南免税店火了:一台iPhone便宜2000多 网友:跟买白菜似的
1961,上海江南建筑设计院有限公司
1962,年度最匪夷所思的骗局诞生!你看出破绽了吗……
1963,上海国资上市下一个:城建集团
1964,快讯| 上海市住建委领导调研上海城建建设实业集团
1965,市工业和信息化局召开“十四五”工业专项规划编制座谈会
1966,人生没有如果
1967,大佬们透漏微信十元500票?微信人工投票费用是多少钱_光速网络工作室
1968,惠州电视台专访美容化妆品行业漂亮宝贝创始人
1969,达尔文的下酒菜
1970,2020年1-5月全市工业园区经济发展情况通报​
1971,基层盛开的一朵“党花”
1972,解决芯片危机从根发力
1973,"贵州旅游6日游攻略,超省心的避暑游玩线路,探索宇宙奥奥秘"
1974,"贵州十大红色文化旅游线路:醉美遵义,红色经典之旅"
1975,7月起海南离岛旅客每年每人免税购物额度提至10万元
1976,安顺市2020年电信普遍服务试点项目名单公 示
1977,重庆共青团
1978,1-5月全市工业投资情况通报
1979,Fr噗噗来打咕咕
1980,小小猪说
1981,"米国又搞事情,明天怎么应对?"
1982,"「暑期游 贵州攻略」“瀑乡”攻略·清爽一夏,安顺暑期旅游还有..."
1983,疫情下美素佳儿京东618高速增长背后
1984,颠覆科学常识口出狂言的为何总是特朗普
1985,"存在感“最低”的省,旅游不温不火,入选《国家地理》最佳旅游榜"
1986,江西查处24名违规高考考生!
1987,"这些管子就这么摆在人行道上一个多月,影响百姓出行! [执法局已答复]"
1988,人性的光辉(转载)
1989,榴莲草莓味的口香糖
1990,离群索居so
1991,"菲仕兰2019年财报出炉,皇家美素佳儿供应今年全面恢复!"
1992,【小说部落】仙人掌走失的夜晚
1993,省生态环境厅副厅长杨正伟赴安顺市调研
1994,当前的“犹豫不决”恰恰是布局良机(转载)
1995,"这个中国大妈在非洲被判15年,却让很多人拍手称赞(转载)"
1996,联合国秘书长:病毒可能使数百万非洲人陷入极端贫困(转载)
1997,"万茜C为出道不是盖的,看看她代言的昂科威S就知道了!"
1998,"都是心惊胆战的一天,多许游资或被套,战况激烈!"
1999,两部门发布高校教师职称改革征求意见稿 克服唯学历、唯论文倾向
2000,杨平副市长调研我市中心城区国家环境空气质量自动监测站点工作
2001,寻找毽友小伙伴
2002,"美国第一女婿幕后指导抗疫,大发国难财还是真正的爱国者?(转载)"
2003,杨平副市长对紫云自治县生态环境保护工作情况进行调研
2004,"好惨!赵老哥1亿追涨一股,被套13%+"
2005,"影院复工首周全国票房过亿,前景可期,多部新片定档"
2006,喝喜酒喜上加喜
2007,血色山河
2008,"明年见!西安闹市著名景点闭园改造,大家不要再来了"
2009,"6.20复盘-板块看好这几个方向,下周指数策略分析"
2010,"618奶粉战报:惠氏、美素佳儿、美赞臣占前三,进口品牌最受欢迎"
2011,安顺市生态环境局工作动态--切实做好新型冠状病毒感染肺炎疫情污染防控工作
2012,2020赛迪全国百强县市发布湖北7地上榜大冶列72位
2013,"重庆地标景点千年古镇磁器口遭洪水淹没,当地人面对洪水却不害怕"
2014,全国通用!这个二维码很重要!
2015,大连局部道路管控通告:营运车辆一律禁止通行
2016,字节跳动龙头股十天九板:豪华游资包场爆炒
2017,《数字技术与应用》杂志征稿方式(转载)
2018,"...学历、唯资历等“五唯”倾向,两部委发布教师职称改革征求意见稿"
2019,安顺市人民政府组织召开全市污染防治攻坚暨中央生态环境保护督察整改工作推进会
2020,自然资源部关于征求《测绘资质管理制度改革方案(征求意见稿...
2021,遗书
2022,"中国“百强县”榜单公布!全国1879个县中,江苏包揽三甲!"
2023,一个怂人的纯真年代
2024,看电影《芙蓉镇》有感
2025,"8月1日起,织金洞景区实行门票半价啦!"
2026,多国语言、标注网红景点……成都锦江上线4A景区“标配”路标
2027,"怪事,堂堂西安市住建局却奈何不了珠江地产!"
2028,斋月聚会导致沙特儿童和妇女中COVID-19病例激增(转载)
2029,"印度的新冠感染人数超过中国,但传染速度在放缓"
2030,第102届全国糖酒会云展开幕 2500余家企业线上聚首
2031,张登平局长调研贯城河下游合力城河道治理工作情况
2032,"@所有游客!贵州织金洞景区,8月起到年底门票半价!"
2033,我反思:尊重他人自由恋爱和婚姻的权利
2034,织金洞中的广寒宫
2035,...2020年湖南省特色文旅小镇」旅游创造苗寨蝶变奇迹 苗族文化...
2036,福利来了!2020年全国各地对退役军人免景区景点门票一览!
2037,"艺时代展览以经纪人身份,为艺术家和买家牵线搭桥促进交易!"
2038,"为何都说苗族姑娘的酒不能喝?有游客偏不信邪,喝完就后悔:怕了"
2039,有没有知道深圳广祥投资控股有限公司的?
2040,深圳移动真的很恶心
2041,为什么航天发射基地建在文昌而不是东方?
2042,河源市高新区网络信号太差了
2043,魔咒日记
2044,贵州六盘水苗族风采
2045,推开认识苗族的一扇门
2046,记录一次小猫肠套叠的治疗经历以及曝光一无良诊所(上海麒麟宠物诊所
2047,"贵州毕节织金洞博物馆里,藏着“恐龙”和地质奇观秘密,儿童喜欢"
2048,【07.24早评】指数会不会二次探底?
2049,谈谈深圳电路板所具备的优势
2050,"@所有游客,8月起,织金洞景区门票半价!"
2051,中国最美十大奇洞之一“织金洞”
2052,运达科技:安信证券股份有限公司关于公司本次交易产业政策和交易...
2053,西游记之八:打井记事
2054,【上海】各区后宫位分图——上海各区后宫女子位分分布之上海各区按繁华程(转载)
2055,上海市各区在宫里的位分排行—上海各区后宫女子位分分布之上海各区排名(转载)
2056,"618美妆行业数据追踪,安婕妤精华“小金瓶”表现突出"
2057,海口今年将建安居型商品住房5000套!永秀花园1400套经适房转为限价房
2058,"在苗族被美女看中,汉族小伙要给多少彩礼?答案让人出乎意料"
2059,外汇天眼:这只是开始!外汇天眼英文版杂志《WikiFX》正式在香港发行!
2060,5G来了
2061,再复刘定栋副镇长雷人言论
2062,"首届直播电商节圆满收官,安婕妤凭实力出圈广受认可"
2063,"圆通速递擅自拦截实物作退回,买卖双方均要求送达派发"
2064,老人在医院摔倒受伤 法院判定责任四六分(转载)
2065,“牢记使命、不忘初心​”——打若村召开2020年七一建党节主题日活动
2066,陈廷敬张廷玉与红楼梦
2067,悼陈廷敬与张廷玉
2068,"有需要找工作的,来胜世嘉德,专收蓝领"
2069,民营企业谈投资贵州:发展机遇大 投资信心足
2070,"杜绝高铁吸烟,文明乘车出行"
2071,贵州省委常委、秘书长刘捷兼任省委组织部部长
2072,"6月1日起正式施行,涉及注册消防工程师前景!"
2073,校党委书记任少波赴贵州考察调研
2074,农夫山泉IPO揭秘:卖水毛利率超60% 年赚50亿!(转载)
2075,周游副局长督查贯城河下游水环境综合治理工程
2076,实名举报吉林大学第一医院二部重症医学科孙明莉、李海峰为高额回扣滥用药物致病人死亡
2077,2020年印尼国际美容美发及SPA展 Cosmobeaute��Ind
2078,贵州省长:三个“一定” 诚邀企业来贵州投资兴业
2079,重庆做人流的专业医院在哪里
2080,贵州省长:三个“一定” 诚邀企业来贵州投资兴业
2081,广东智慧信访全面升级
2082,安顺市生态环境局召开创建可持续发展的生态环境工作推进会
2083,交警驾车肇事逃逸讽刺吗?
2084,贵州省委常委、秘书长刘捷兼任省委组织部部长
2085,七律 深圳仙湖植物园游记
2086,"【风云洞评】清北就是蓝翔,蓝翔就是清北?"
2087,薛城区常庄街道24件信访积案全部化解
2088,"全世界再次紧张!运送新冠病毒样本货车被劫持,40升病毒“失去控制”"
2089,"车险综合改革来了,你的保费是涨还是降?"
2090,忠实伙伴——秦Pro DM
2091,实名举报吉林大学第一医院二部重症医学科孙明莉、李海峰为高额回扣滥用药物致病人死亡
2092,"新冠病毒被印度人当做女神,网友:打不过就加入?"
2093,从付鹏老师的risk on谈起到股市、白银的趋势分析
2094,"风靡全渠道,安婕妤小金瓶璀璨上市"
2095,省法院信访室主任吴利平一行调研金昌中院涉诉信访工作
2096,安顺市开展涉长江经济带自然保护地重点问题实地复核(第五期)
2097,"2020《财富》中国500强排行榜公布,这些企业涉足体育产业!"
2098,"到2030年,湖南体育产业总规模或将超2500亿元"
2099,爱29
2100,蒋哲浩:7.11黄金回调修正下周走势依然看涨黄金操作建议
2101,外汇天眼:境内外黄金价差 背后“推手”原来是它!
2102,百万货款重启诉讼 检察信访守护小微企业再出发
2103,市委指导组调研我区信访工作
2104,望有关部门彻查保护伞����
2105,中国只需要一样武器就可以彻底打破美国的军事神话!!!
2106,"太罕见!阿里、腾讯同时相中,这家巨亏40亿A股公司,突然涨停了!(转载)"
2107,上海体育产业观察:上港和久事悄悄“在一起”了 4条扶持政策请关注
2108,蒋哲浩:7.10黄金走势反复异常趋势未改变、后市黄金走势分析
2109,考研英语一:真题重点词汇及长难句|2013Text4
2110,"精准定位抢布精华产品,安婕妤赢得市场与口碑"
2111,"安婕妤连锁加盟体验店试业,开创护肤体验新模式"
2112,上海都市医院_该怎么区分孩子是调皮还是多动症呢?
2113,"一个靠谱的汽车维修公司,在广州开车的海南老乡们有福啦:)"
2114,一个小故事告诉你信访问题该去哪儿办理!
2115,秦俊《汉武大帝》:大汉雄风的崇高感延展历史本身的崇高参照
2116,"药流18天还流血正常吗,具体来看看(转载)(转载)"
2117,"印度将买俄最强坦克!厂家:客户太挑又抠门,关键设备或不卖。"
2118,"一个你待一个月就爱上,待一年就不想走,待十年就打死不走的地方"
2119,乌鲁木齐疾控中心:全力排查病毒源头
2120,信息量巨大《中国“天眼”开启地外文明搜索》(转载)
2121,"四川首个体育产业创新试验区落户雅安,练雪松授牌"
2122,"婺源的璀璨明珠,江湾的历史非常久,网友:在这里可以入唐吗?"
2123,2016年湖北学位英语考试复习资料:倒装句
2124,投资者提问:航天通信参与此次北斗三号火箭发射了吗?为北斗三号...
2125,中文最常用600句短语地道英文表达(1)
2126,"1月15日,一场精彩的年俗活动将在婺源江湾上演!"
2127,颂扬两代人献身抗痨事业的纪实文学《奇医神药》(连载十二)(转载)
2128,"婺源江湾,中国风水理论最完美展现,传承千年徽派古建筑文化"
2129,小仙女的日常护理法宝——冈适“蓝精灵”护理洗液
2130,"中考生11日开始不得离琼 进考点戴口罩,进考场后可不佩戴"
2131,韩国外交部就“安倍谢罪像”表态
2132,韩国外交部就“安倍下跪谢罪像”表态:需遵循礼遇外国领导人的外交...
2133,山东耳鼻喉预约—济南引起鼻窦炎的病因有哪些?
2134,早知道
2135,"洛马公司:波音不思进取,带坏航空界风气,靠人脉强推落后战机。"
2136,"【摊牌了!美帝突然变脸,“科技脱钩”倒逼中国行动!】"
2137,"日本疫情被美国“带偏”?关键时刻,一个令安倍担忧的消息传来了"
2138,Dior Dreamskin我的梦幻美肌新get
2139,航空发动机只讲推力、不讲涵道比是忽悠大家
2140,汲儿
2141,小牛不得不歇歇脚
2142,"“安倍下跪”雕像惹怒日本,日高官:将对日韩关系产生决定性影响"
2143,宠物王国6-烈火
2144,大数据时代:学生综合素质评价如何“破冰”《一》
2145,"航天刚需、改善两大红盘同时登记,上线1小时登记数就超房源数3倍!"
2146,探火夫妻档:航天伉俪携手追逐星辰大海
2147,【网络谣言粉碎机】原创|“交管12123”APP可能是假的?快来仔细...
2148,茅台集团与欧比特公司座谈
2149,认定通过!航天基地有5家
2150,"湖人123-116奇才,詹皇不穿鞋场边救球,有谁注意霍华德"
2151,今年上半年中国社会物流总额123.4万亿元 物流运行稳步复苏
2152,个人生活和情感杂谈
2153,山东中行:“百场千户”模式助推“百行进万企”
2154,"“哭解决不了问题,只有笑啰!”(转自《今日头条》节选)"
2155,关于地球以外生命的思考
2156,"三分7中6!JR狂砍20分,湖人轮休四大主力,仍123-116战胜奇才"
2157,弘阳地产单月破百亿!实力抢跑 多区域大捷
2158,厨卫独用、面积增加、使用权变所有权……幸福“拍了拍”这几千户...
2159,《现代装饰》杂志征稿消息《现代装饰》杂志投稿的要求(转载)
2160,论断下中国未来科技发展
2161,《易经》系辞上传诗解2观象玩辞知悔无咎
2162,国内最大地理行业大数据中心落户西安航天基地
2163,热身赛:湖人123-116奇才 图集
2164,"上海长江医院 孩子得了多动症,家长一定要避开这两个误区"
2165,美国若彻底和中国脱钩!中国怕吗?这是新的“持久战”!
2166,世界首条玄武岩纤维2400孔漏板拉丝智能化池窑生产线在广安点火
2167,重磅!北大合作团队新冠强效药研发有新进展(转载)
2168,"多名主力轮休,湖人123-116击败奇才,JR三分球7中6砍下20分"
2169,"「千村千户脱贫故事」家门口打工,走上脱贫致富“快车道”"
2170,"网易云热评:一个女生来店里化妆,刚打粉底的时候就哭,过来付钱的..."
2171,河北枣强:“百企联千户”助力脱贫攻坚(3)
2172,...印度将试射射程超过5000公里的“烈火”-5(Agni-V)型弹道导弹。
2173,科技引领 点石成“金”
2174,收评:修复缺口中阳线 明日大盘3000点上方金融逞强?
2175,「千村千户脱贫故事」勤劳实干战脱贫 红红火火奔小康
2176,综合消息:中国内政不容他国干涉(转载)
2177,市场将继续上演杀猪行情
2178,"法媒称印度宣布成功试射""烈火""-5洲际导弹 射程覆盖中国全境"
2179,安顺市积极参加生态环境部组织的《2020年度生态环境损害赔偿制度改革培训班》视频培训
2180,"国际物流何处是,苍穹天涯共此时"
2181,印度宣布试射烈火-5远程弹道导弹
2182,全省生态环境系统“法治毕节”创建经验交流会在毕节黔西县召开
2183,黔东南州杉木河漂流项目将于5月23日正式开始运营
2184,美国终于熬成了大号日本:东方时事评论|2020-07-08(转载)
2185,2020学生党好物推荐:粉底篇
2186,西边的太阳就要落山了:东方时事评论|2020-07-20(转载)
2187,射程更远 打击更准 威力更大承载印度大国梦的“烈火-6”
2188,山东生活中引起鼻窦炎的原因是什么?
2189,OMG!所有女生所有男生 魔鬼李佳琦带你畅游西江千户苗寨啦!
2190,"38岁范冰冰首谈失恋:万般皆苦,唯有自渡,你得有3种能力!"
2191,我与ZR的一杯咖啡——ZR&JJ  (二)
2192,啥?这才是猛男该用的粉底液!
2193,屠门大嚼:  “满腹苏东坡”
2194,午盘提示——0727
2195,粉底液怎么用具体步骤?
2196,中华人民共和国土壤污染防治法
2197,美国终于熬成了大号日本:东方时事评论|2020-07-08(转载)
2198,"穿梭平行宇宙探案缉凶,软科幻悬疑推理《无限分之一的可能》"
2199,眼袋外切紧绷多久才好 做好外切眼袋注意事项 再现明眸
2200,曝光中国实力护肤品牌季芙萱背后研发团队!!!!
2201,"10个人有8个分不清冷暖皮,1分钟教你分辨,选对粉底不花冤枉钱"
2202,安顺市生态环境局关岭分局积极开展节能宣传周宣传活动
2203,安顺市生态环境局认真开展2020年建议提案办理工作
2204,康康女朋友画完妆的样子
2205,刮宫后子宫内膜多久恢复 女性要保护好自己(转载)
2206,中国的美国债及两房债真相。。。(转载)
2207,安顺市组织开展2020年“六.五”世界环境日宣传活动
2208,黄果树旅游区线上线下多形式开展“美丽中国 我是行动者”为主题的宣传活动
2209,孩子一年感冒几次属于正常的?
2210,【书记讲党课】住房和城乡建设部王蒙徽讲党课
2211,"【Kendall】换季维稳保湿是关键,空瓶精华分享"
2212,快意电梯:公司近日取得由东莞市住房和城乡建设局颁发的《房地产...
2213,黄金微针做几次才有效果
2214,济南市医院耳鼻喉科—济南在日常生活中咽喉炎的常见病因有哪些?
2215,低碳生活 从我做起——安顺市生态环境局组织开展绿色骑行宣传活动
2216,亚洲大国亮剑!射程5000公里洲际导弹呼啸升空:可携带核弹头
2217,"那些年,我们一起走过——致我逝去的女儿"
2218,坚持“绿水青山就是金山银山”的发展理念助推生态环境保护和脱贫攻坚“两手抓”“两手促”
2219,“牢记使命、不忘初心​”——打若村2020年七一建党节主题日活动
2220,还不能脱口罩?那就帮你测几款能抵抗口罩脸的修护精华吧
2221,2020义乌美博会(转载)
2222,中共安顺市生态环境局开发区、黄果树分局联合党支部开展主题党日活动
2223,安顺市生态环境局“美丽中国 我是行动者”志愿者清河行动
2224,通 告
2225,关于《关于公开征求<江门市博士博士后管理办法(征求意见稿)>意见...
2226,"解析中美南海竞争的本质,分析中美大战略不同"
2227,通过全国卷1 探索南北教育 北强南弱之势
2228,"纽时深度:有其父必有其子,新冠死亡近15万,特朗普为何还能如此冷漠"
2229,浦发银行长沙分行刘虎魏刚勾结湖南互相发展置业有限公司王玉强骗贷3个亿
2230,"登革热进入高发期 海南专家:目前无疫苗注射预防,请做好防护(转载)"
2231,千亿海湖商圈再升级 天地巷子璀璨夺目
2232,不用去韭菜坪!市区这个公园也能邂逅浪漫紫
2233,"赌霞阵容强势归来?红莲天胡抽卡,五级三个三星!还说不是仙术?"
2234,"野韭菜花也能成景区?贵州最高峰韭菜坪景区,海拔有2900多米"
2235,"财务人员被网络诈骗,辞职后工资也没领到,是否还要承担赔偿责任?"
2236,"5年狂“赚”3578万,三亚一辅警秘密被曝光!连银行都…怎么做到的?"
2237,胡姓(77)|凤阳胡氏:胡大海的后裔广泛分布在西南地区的川滇黔等地
2238,钉钉赢了办公软件输了社交
2239,"世界最大面积的野韭菜花带,贵州韭菜坪,万亩紫韭花,盛开黔云端"
2240,"专骗卡车司机,获利157万!行车路上遇到这几种情况要警惕"
2241,国家基层腐败之及
2242,"李佳琦晒出“续命”精华液,价格一曝出,网友:从此我扔掉了兰蔻"
2243,"特朗普:美国很快击败新冠病毒,并将进入“黄金时代”"
2244,防疫糟糕的欧洲国家很快达成群体免疫为什么还带长尾巴?
2245,2020年海口中小学划片范围定了!看看你家孩子去哪上学!(转载)
2246,《大自然与人》 之 我们的人类世界 ( 15 )
2247,工行南昌北西支行阻止客户深陷电信ZB
2248,"红十字好故事|小胡:“你别怕,我来了!”"
2249,企业融资、政务办公、精准扶贫一个钉钉 大足“钉”出数字区县重庆...
2250,"去贵州看花,到赫章韭菜坪,不能错过的云海与花海交相辉映的美景"
2251,贵州第一高峰韭菜坪
2252,安全起见现代社会患的是《双鸟投林》之症
2253,台湾人不看新闻的嘛?
